2026-05-22T00:10:57.045Z [INFO] Iniciando sincronizacao completa
2026-05-22T00:11:02.356Z [INFO] Cache limpo completamente
2026-05-22T00:11:02.379Z [INFO] Sincronizacao success: 14 arquivos em 5957ms
{
  "added": 14,
  "modified": 0,
  "deleted": 0,
  "errors": 0
}
2026-05-22T00:13:24.674Z [INFO] ═══════════════════════════════════════════════════════
2026-05-22T00:13:24.680Z [INFO] 🎯 WIKI BACKEND - Sistema Dinâmico Alimentado por GitHub
2026-05-22T00:13:24.681Z [INFO] ═══════════════════════════════════════════════════════
2026-05-22T00:13:24.682Z [INFO] 🔐 Validando acesso ao GitHub...
2026-05-22T00:13:25.264Z [INFO] GitHub conectado: panda12332145/cyber-wiki-content@main
2026-05-22T00:13:25.265Z [INFO] 🏗️ Criando aplicação Express...
2026-05-22T00:13:25.271Z [INFO] 📅 Inicializando jobs agendados...
2026-05-22T00:13:25.273Z [INFO] 🔧 Inicializando jobs agendados...
2026-05-22T00:13:25.283Z [INFO] 📅 Job de sincronização agendado: 0 */24 * * *
2026-05-22T00:13:25.285Z [INFO] ✅ 3 jobs agendados com sucesso
2026-05-22T00:13:25.286Z [INFO] 📦 Executando sincronização inicial...
2026-05-22T00:13:25.312Z [INFO] Iniciando sincronizacao completa
2026-05-22T00:13:26.869Z [INFO] Cache limpo completamente
2026-05-22T00:13:26.886Z [INFO] Sincronizacao success: 14 arquivos em 1582ms
{
  "added": 0,
  "modified": 11,
  "deleted": 0,
  "errors": 0
}
2026-05-22T00:13:26.887Z [INFO] ✅ Sincronização inicial concluída
{
  "filesProcessed": 14,
  "status": "success"
}
2026-05-22T00:13:26.888Z [INFO] 🚀 Iniciando servidor HTTP...
2026-05-22T00:13:26.897Z [INFO] 🚀 Servidor iniciado em porta 3001
2026-05-22T00:13:26.897Z [INFO] 🔗 API disponível em http://localhost:3001/api/wiki
2026-05-22T00:13:26.898Z [INFO] 📊 Health check: http://localhost:3001/health
2026-05-22T00:13:26.900Z [INFO] ✅ Wiki Backend está pronto e operacional
2026-05-22T00:16:23.675Z [INFO] Iniciando sincronizacao completa
2026-05-22T00:16:28.242Z [INFO] Cache limpo completamente
2026-05-22T00:16:28.248Z [INFO] Sincronizacao success: 14 arquivos em 4629ms
{
  "added": 14,
  "modified": 0,
  "deleted": 0,
  "errors": 0
}
2026-05-22T00:16:48.209Z [INFO] ═══════════════════════════════════════════════════════
2026-05-22T00:16:48.211Z [INFO] 🎯 WIKI BACKEND - Sistema Dinâmico Alimentado por GitHub
2026-05-22T00:16:48.212Z [INFO] ═══════════════════════════════════════════════════════
2026-05-22T00:16:48.212Z [INFO] 🔐 Validando acesso ao GitHub...
2026-05-22T00:16:48.475Z [INFO] GitHub conectado: panda12332145/cyber-wiki-content@main
2026-05-22T00:16:48.476Z [INFO] 🏗️ Criando aplicação Express...
2026-05-22T00:16:48.482Z [INFO] 📅 Inicializando jobs agendados...
2026-05-22T00:16:48.482Z [INFO] 🔧 Inicializando jobs agendados...
2026-05-22T00:16:48.487Z [INFO] 📅 Job de sincronização agendado: 0 */24 * * *
2026-05-22T00:16:48.490Z [INFO] ✅ 3 jobs agendados com sucesso
2026-05-22T00:16:48.491Z [INFO] 📦 Executando sincronização inicial...
2026-05-22T00:16:48.511Z [INFO] Iniciando sincronizacao completa
2026-05-22T00:16:49.160Z [INFO] Cache limpo completamente
2026-05-22T00:16:49.167Z [INFO] Sincronizacao success: 14 arquivos em 668ms
{
  "added": 0,
  "modified": 11,
  "deleted": 0,
  "errors": 0
}
2026-05-22T00:16:49.168Z [INFO] ✅ Sincronização inicial concluída
{
  "filesProcessed": 14,
  "status": "success"
}
2026-05-22T00:16:49.168Z [INFO] 🚀 Iniciando servidor HTTP...
2026-05-22T00:16:49.176Z [INFO] 🚀 Servidor iniciado em porta 3001
2026-05-22T00:16:49.177Z [INFO] 🔗 API disponível em http://localhost:3001/api/wiki
2026-05-22T00:16:49.178Z [INFO] 📊 Health check: http://localhost:3001/health
2026-05-22T00:16:49.179Z [INFO] ✅ Wiki Backend está pronto e operacional
2026-05-22T02:38:45.555Z [INFO] ═══════════════════════════════════════════════════════
2026-05-22T02:38:45.573Z [INFO] 🎯 WIKI BACKEND - Sistema Dinâmico Alimentado por GitHub
2026-05-22T02:38:45.573Z [INFO] ═══════════════════════════════════════════════════════
2026-05-22T02:38:45.574Z [INFO] 🔐 Validando acesso ao GitHub...
2026-05-22T02:38:49.310Z [INFO] GitHub conectado: panda12332145/cyber-wiki-content@main
2026-05-22T02:38:49.311Z [INFO] 🏗️ Criando aplicação Express...
2026-05-22T02:38:49.319Z [INFO] 📅 Inicializando jobs agendados...
2026-05-22T02:38:49.320Z [INFO] 🔧 Inicializando jobs agendados...
2026-05-22T02:38:49.326Z [INFO] 📅 Job de sincronização agendado: 0 */24 * * *
2026-05-22T02:38:49.328Z [INFO] ✅ 3 jobs agendados com sucesso
2026-05-22T02:38:49.329Z [INFO] 📦 Executando sincronização inicial...
2026-05-22T02:38:49.740Z [INFO] Iniciando sincronizacao completa
2026-05-22T02:38:55.543Z [INFO] Cache limpo completamente
2026-05-22T02:38:55.549Z [INFO] Sincronizacao success: 14 arquivos em 6213ms
{
  "added": 0,
  "modified": 11,
  "deleted": 0,
  "errors": 0
}
2026-05-22T02:38:55.550Z [INFO] ✅ Sincronização inicial concluída
{
  "filesProcessed": 14,
  "status": "success"
}
2026-05-22T02:38:55.550Z [INFO] 🚀 Iniciando servidor HTTP...
2026-05-22T02:38:55.556Z [INFO] 🚀 Servidor iniciado em porta 3001
2026-05-22T02:38:55.556Z [INFO] 🔗 API disponível em http://localhost:3001/api/wiki
2026-05-22T02:38:55.556Z [INFO] 📊 Health check: http://localhost:3001/health
2026-05-22T02:38:55.557Z [INFO] ✅ Wiki Backend está pronto e operacional
2026-05-22T02:45:10.131Z [INFO] 🔄 Sincronização manual acionada
{
  "full": false
}
2026-05-22T02:45:10.303Z [INFO] Iniciando sincronizacao incremental
2026-05-22T02:45:17.349Z [INFO] Cache limpo completamente
2026-05-22T02:45:17.365Z [INFO] Sincronizacao success: 14 arquivos em 7214ms
{
  "added": 0,
  "modified": 0,
  "deleted": 0,
  "errors": 0
}
2026-05-22T02:53:47.082Z [INFO] ═══════════════════════════════════════════════════════
2026-05-22T02:53:47.086Z [INFO] 🎯 WIKI BACKEND - Sistema Dinâmico Alimentado por GitHub
2026-05-22T02:53:47.086Z [INFO] ═══════════════════════════════════════════════════════
2026-05-22T02:53:47.086Z [INFO] 🔐 Validando acesso ao GitHub...
2026-05-22T02:53:47.965Z [INFO] GitHub conectado: panda12332145/cyber-wiki-content@main
2026-05-22T02:53:47.966Z [INFO] 🏗️ Criando aplicação Express...
2026-05-22T02:53:47.978Z [INFO] 📅 Inicializando jobs agendados...
2026-05-22T02:53:47.980Z [INFO] 🔧 Inicializando jobs agendados...
2026-05-22T02:53:47.986Z [INFO] 📅 Job de sincronização agendado: 0 */24 * * *
2026-05-22T02:53:47.987Z [INFO] ✅ 3 jobs agendados com sucesso
2026-05-22T02:53:47.988Z [INFO] 📦 Executando sincronização inicial...
2026-05-22T02:53:48.014Z [INFO] Iniciando sincronizacao completa
2026-05-22T02:53:51.020Z [INFO] Cache limpo completamente
2026-05-22T02:53:51.034Z [INFO] Sincronizacao success: 14 arquivos em 3032ms
{
  "added": 0,
  "modified": 11,
  "deleted": 0,
  "errors": 0
}
2026-05-22T02:53:51.035Z [INFO] ✅ Sincronização inicial concluída
{
  "filesProcessed": 14,
  "status": "success"
}
2026-05-22T02:53:51.035Z [INFO] 🚀 Iniciando servidor HTTP...
2026-05-22T02:53:51.041Z [INFO] 🚀 Servidor iniciado em porta 3001
2026-05-22T02:53:51.041Z [INFO] 🔗 API disponível em http://localhost:3001/api/wiki
2026-05-22T02:53:51.041Z [INFO] 📊 Health check: http://localhost:3001/health
2026-05-22T02:53:51.041Z [INFO] ✅ Wiki Backend está pronto e operacional
2026-05-22T03:00:00.221Z [INFO] 🚀 Iniciando sincronização automática (0 */24 * * *)
2026-05-22T03:00:00.850Z [INFO] Iniciando sincronizacao incremental
2026-05-22T03:00:05.510Z [INFO] Cache limpo completamente
2026-05-22T03:00:05.525Z [INFO] Sincronizacao success: 14 arquivos em 5188ms
{
  "added": 0,
  "modified": 0,
  "deleted": 0,
  "errors": 0
}
2026-05-22T03:00:05.527Z [INFO] ✅ Sincronização automática concluída
{
  "status": "success",
  "filesProcessed": 14,
  "duration": "5188ms"
}
2026-05-22T03:01:01.627Z [INFO] ⏹️ SIGINT recebido, encerrando...
2026-05-22T03:01:46.428Z [INFO] ═══════════════════════════════════════════════════════
2026-05-22T03:01:46.432Z [INFO] 🎯 WIKI BACKEND - Sistema Dinâmico Alimentado por GitHub
2026-05-22T03:01:46.432Z [INFO] ═══════════════════════════════════════════════════════
2026-05-22T03:01:46.432Z [INFO] 🔐 Validando acesso ao GitHub...
2026-05-22T03:01:47.105Z [INFO] GitHub conectado: panda12332145/cyber-wiki-content@main
2026-05-22T03:01:47.112Z [INFO] 🏗️ Criando aplicação Express...
2026-05-22T03:01:47.120Z [INFO] 📅 Inicializando jobs agendados...
2026-05-22T03:01:47.120Z [INFO] 🔧 Inicializando jobs agendados...
2026-05-22T03:01:47.131Z [INFO] 📅 Job de sincronização agendado: 0 */24 * * *
2026-05-22T03:01:47.132Z [INFO] ✅ 3 jobs agendados com sucesso
2026-05-22T03:01:47.132Z [INFO] 📦 Executando sincronização inicial...
2026-05-22T03:01:47.214Z [INFO] Iniciando sincronizacao completa
2026-05-22T03:01:49.551Z [INFO] Cache limpo completamente
2026-05-22T03:01:49.556Z [INFO] Sincronizacao success: 14 arquivos em 2416ms
{
  "added": 0,
  "modified": 11,
  "deleted": 0,
  "errors": 0
}
2026-05-22T03:01:49.557Z [INFO] ✅ Sincronização inicial concluída
{
  "filesProcessed": 14,
  "status": "success"
}
2026-05-22T03:01:49.557Z [INFO] 🚀 Iniciando servidor HTTP...
2026-05-22T03:01:49.567Z [INFO] 🚀 Servidor iniciado em porta 3001
2026-05-22T03:01:49.567Z [INFO] 🔗 API disponível em http://localhost:3001/api/wiki
2026-05-22T03:01:49.567Z [INFO] 📊 Health check: http://localhost:3001/health
2026-05-22T03:01:49.567Z [INFO] ✅ Wiki Backend está pronto e operacional
2026-05-22T03:04:25.640Z [INFO] ⏹️ SIGINT recebido, encerrando...
2026-05-22T03:06:04.657Z [INFO] Iniciando sincronizacao completa
2026-05-22T03:06:06.688Z [INFO] Cache limpo completamente
2026-05-22T03:06:06.698Z [INFO] Sincronizacao success: 14 arquivos em 2069ms
{
  "added": 0,
  "modified": 11,
  "deleted": 0,
  "errors": 0
}
2026-05-22T03:06:54.385Z [INFO] ═══════════════════════════════════════════════════════
2026-05-22T03:06:54.389Z [INFO] 🎯 WIKI BACKEND - Sistema Dinâmico Alimentado por GitHub
2026-05-22T03:06:54.389Z [INFO] ═══════════════════════════════════════════════════════
2026-05-22T03:06:54.390Z [INFO] 🔐 Validando acesso ao GitHub...
2026-05-22T03:06:54.990Z [INFO] GitHub conectado: panda12332145/cyber-wiki-content@main
2026-05-22T03:06:54.993Z [INFO] 🏗️ Criando aplicação Express...
2026-05-22T03:06:54.998Z [INFO] 📅 Inicializando jobs agendados...
2026-05-22T03:06:54.999Z [INFO] 🔧 Inicializando jobs agendados...
2026-05-22T03:06:55.006Z [INFO] 📅 Job de sincronização agendado: 0 */24 * * *
2026-05-22T03:06:55.008Z [INFO] ✅ 3 jobs agendados com sucesso
2026-05-22T03:06:55.009Z [INFO] 📦 Executando sincronização inicial...
2026-05-22T03:06:55.059Z [INFO] Iniciando sincronizacao completa
2026-05-22T03:06:57.515Z [INFO] Cache limpo completamente
2026-05-22T03:06:57.525Z [INFO] Sincronizacao success: 14 arquivos em 2505ms
{
  "added": 0,
  "modified": 11,
  "deleted": 0,
  "errors": 0
}
2026-05-22T03:06:57.526Z [INFO] ✅ Sincronização inicial concluída
{
  "filesProcessed": 14,
  "status": "success"
}
2026-05-22T03:06:57.526Z [INFO] 🚀 Iniciando servidor HTTP...
2026-05-22T03:06:57.532Z [INFO] 🚀 Servidor iniciado em porta 3001
2026-05-22T03:06:57.532Z [INFO] 🔗 API disponível em http://localhost:3001/api/wiki
2026-05-22T03:06:57.533Z [INFO] 📊 Health check: http://localhost:3001/health
2026-05-22T03:06:57.533Z [INFO] ✅ Wiki Backend está pronto e operacional
2026-05-22T03:19:56.000Z [INFO] Iniciando sincronizacao completa
2026-05-22T03:19:58.331Z [INFO] Cache limpo completamente
2026-05-22T03:19:58.357Z [INFO] Sincronizacao success: 14 arquivos em 2386ms
{
  "added": 0,
  "modified": 11,
  "deleted": 0,
  "errors": 0
}
2026-05-22T03:21:45.912Z [INFO] Iniciando sincronizacao completa
2026-05-22T03:21:49.926Z [INFO] Cache limpo completamente
2026-05-22T03:21:49.933Z [INFO] Sincronizacao success: 14 arquivos em 4096ms
{
  "added": 0,
  "modified": 11,
  "deleted": 0,
  "errors": 0
}
2026-05-22T03:35:23.908Z [INFO] Iniciando sincronizacao completa
2026-05-22T03:35:27.683Z [INFO] Cache limpo completamente
2026-05-22T03:35:27.695Z [INFO] Sincronizacao success: 14 arquivos em 3970ms
{
  "added": 0,
  "modified": 11,
  "deleted": 0,
  "errors": 0
}
2026-05-22T03:35:53.145Z [INFO] ═══════════════════════════════════════════════════════
2026-05-22T03:35:53.156Z [INFO] 🎯 WIKI BACKEND - Sistema Dinâmico Alimentado por GitHub
2026-05-22T03:35:53.157Z [INFO] ═══════════════════════════════════════════════════════
2026-05-22T03:35:53.157Z [INFO] 🔐 Validando acesso ao GitHub...
2026-05-22T03:35:53.561Z [INFO] GitHub conectado: panda12332145/cyber-wiki-content@main
2026-05-22T03:35:53.562Z [INFO] 🏗️ Criando aplicação Express...
2026-05-22T03:35:53.571Z [INFO] 📅 Inicializando jobs agendados...
2026-05-22T03:35:53.572Z [INFO] 🔧 Inicializando jobs agendados...
2026-05-22T03:35:53.579Z [INFO] 📅 Job de sincronização agendado: 0 */24 * * *
2026-05-22T03:35:53.584Z [INFO] ✅ 3 jobs agendados com sucesso
2026-05-22T03:35:53.585Z [INFO] 📦 Executando sincronização inicial...
2026-05-22T03:35:53.611Z [INFO] Iniciando sincronizacao completa
2026-05-22T03:35:55.910Z [INFO] Cache limpo completamente
2026-05-22T03:35:55.917Z [INFO] Sincronizacao success: 14 arquivos em 2323ms
{
  "added": 0,
  "modified": 11,
  "deleted": 0,
  "errors": 0
}
2026-05-22T03:35:55.920Z [INFO] ✅ Sincronização inicial concluída
{
  "filesProcessed": 14,
  "status": "success"
}
2026-05-22T03:35:55.920Z [INFO] 🚀 Iniciando servidor HTTP...
2026-05-22T03:35:55.926Z [INFO] 🚀 Servidor iniciado em porta 3001
2026-05-22T03:35:55.926Z [INFO] 🔗 API disponível em http://localhost:3001/api/wiki
2026-05-22T03:35:55.927Z [INFO] 📊 Health check: http://localhost:3001/health
2026-05-22T03:35:55.927Z [INFO] ✅ Wiki Backend está pronto e operacional
2026-05-22T03:39:00.224Z [INFO] ═══════════════════════════════════════════════════════
2026-05-22T03:39:00.229Z [INFO] 🎯 WIKI BACKEND - Sistema Dinâmico Alimentado por GitHub
2026-05-22T03:39:00.232Z [INFO] ═══════════════════════════════════════════════════════
2026-05-22T03:39:00.233Z [INFO] 🔐 Validando acesso ao GitHub...
2026-05-22T03:39:02.782Z [INFO] GitHub conectado: panda12332145/cyber-wiki-content@main
2026-05-22T03:39:02.786Z [INFO] 🏗️ Criando aplicação Express...
2026-05-22T03:39:02.798Z [INFO] 📅 Inicializando jobs agendados...
2026-05-22T03:39:02.801Z [INFO] 🔧 Inicializando jobs agendados...
2026-05-22T03:39:02.810Z [INFO] 📅 Job de sincronização agendado: 0 */24 * * *
2026-05-22T03:39:02.813Z [INFO] ✅ 3 jobs agendados com sucesso
2026-05-22T03:39:02.813Z [INFO] 📦 Executando sincronização inicial...
2026-05-22T03:39:02.853Z [INFO] Iniciando sincronizacao completa
2026-05-22T03:39:05.398Z [INFO] Cache limpo completamente
2026-05-22T03:39:05.414Z [INFO] Sincronizacao success: 14 arquivos em 2581ms
{
  "added": 0,
  "modified": 11,
  "deleted": 0,
  "errors": 0
}
2026-05-22T03:39:05.414Z [INFO] ✅ Sincronização inicial concluída
{
  "filesProcessed": 14,
  "status": "success"
}
2026-05-22T03:39:05.415Z [INFO] 🚀 Iniciando servidor HTTP...
2026-05-22T03:39:05.425Z [INFO] 🚀 Servidor iniciado em porta 3001
2026-05-22T03:39:05.426Z [INFO] 🔗 API disponível em http://localhost:3001/api/wiki
2026-05-22T03:39:05.429Z [INFO] 📊 Health check: http://localhost:3001/health
2026-05-22T03:39:05.432Z [INFO] ✅ Wiki Backend está pronto e operacional
2026-05-22T03:52:13.796Z [INFO] ═══════════════════════════════════════════════════════
2026-05-22T03:52:13.801Z [INFO] 🎯 WIKI BACKEND - Sistema Dinâmico Alimentado por GitHub
2026-05-22T03:52:13.801Z [INFO] ═══════════════════════════════════════════════════════
2026-05-22T03:52:13.801Z [INFO] 🔐 Validando acesso ao GitHub...
2026-05-22T03:52:14.542Z [INFO] GitHub conectado: panda12332145/cyber-wiki-content@main
2026-05-22T03:52:14.543Z [INFO] 🏗️ Criando aplicação Express...
2026-05-22T03:52:14.555Z [INFO] 📅 Inicializando jobs agendados...
2026-05-22T03:52:14.555Z [INFO] 🔧 Inicializando jobs agendados...
2026-05-22T03:52:14.561Z [INFO] 📅 Job de sincronização agendado: 0 */24 * * *
2026-05-22T03:52:14.562Z [INFO] ✅ 3 jobs agendados com sucesso
2026-05-22T03:52:14.562Z [INFO] 📦 Executando sincronização inicial...
2026-05-22T03:52:14.582Z [INFO] Iniciando sincronizacao completa
2026-05-22T03:52:17.628Z [INFO] Cache limpo completamente
2026-05-22T03:52:17.636Z [INFO] Sincronizacao success: 14 arquivos em 3064ms
{
  "added": 0,
  "modified": 11,
  "deleted": 0,
  "errors": 0
}
2026-05-22T03:52:17.637Z [INFO] ✅ Sincronização inicial concluída
{
  "filesProcessed": 14,
  "status": "success"
}
2026-05-22T03:52:17.638Z [INFO] 🚀 Iniciando servidor HTTP...
2026-05-22T03:52:17.642Z [INFO] 🚀 Servidor iniciado em porta 3001
2026-05-22T03:52:17.642Z [INFO] 🔗 API disponível em http://localhost:3001/api/wiki
2026-05-22T03:52:17.642Z [INFO] 📊 Health check: http://localhost:3001/health
2026-05-22T03:52:17.642Z [INFO] ✅ Wiki Backend está pronto e operacional
2026-05-22T04:02:20.139Z [INFO] ⏹️ SIGINT recebido, encerrando...
2026-05-22T04:22:00.740Z [INFO] ═══════════════════════════════════════════════════════
2026-05-22T04:22:00.743Z [INFO] 🎯 WIKI BACKEND - Sistema Dinâmico Alimentado por GitHub
2026-05-22T04:22:00.744Z [INFO] ═══════════════════════════════════════════════════════
2026-05-22T04:22:00.744Z [INFO] 🔐 Validando acesso ao GitHub...
2026-05-22T04:22:01.236Z [INFO] GitHub conectado: panda12332145/cyber-wiki-content@main
2026-05-22T04:22:01.237Z [INFO] 🏗️ Criando aplicação Express...
2026-05-22T04:22:01.248Z [INFO] 📅 Inicializando jobs agendados...
2026-05-22T04:22:01.249Z [INFO] 🔧 Inicializando jobs agendados...
2026-05-22T04:22:01.254Z [INFO] 📅 Job de sincronização agendado: 0 */24 * * *
2026-05-22T04:22:01.257Z [INFO] ✅ 3 jobs agendados com sucesso
2026-05-22T04:22:01.258Z [INFO] 📦 Executando sincronização inicial...
2026-05-22T04:22:01.328Z [INFO] Iniciando sincronizacao completa
2026-05-22T04:22:03.504Z [INFO] Cache limpo completamente
2026-05-22T04:22:03.512Z [INFO] Sincronizacao success: 14 arquivos em 2245ms
{
  "added": 0,
  "modified": 11,
  "deleted": 0,
  "errors": 0
}
2026-05-22T04:22:03.513Z [INFO] ✅ Sincronização inicial concluída
{
  "filesProcessed": 14,
  "status": "success"
}
2026-05-22T04:22:03.513Z [INFO] 🚀 Iniciando servidor HTTP...
2026-05-22T04:22:03.517Z [INFO] 🚀 Servidor iniciado em porta 3001
2026-05-22T04:22:03.518Z [INFO] 🔗 API disponível em http://localhost:3001/api/wiki
2026-05-22T04:22:03.518Z [INFO] 📊 Health check: http://localhost:3001/health
2026-05-22T04:22:03.518Z [INFO] ✅ Wiki Backend está pronto e operacional
2026-05-22T04:24:20.261Z [INFO] 🔄 Sincronização manual acionada
{
  "full": false
}
2026-05-22T04:24:20.360Z [INFO] Iniciando sincronizacao incremental
2026-05-22T04:24:21.461Z [INFO] Cache limpo completamente
2026-05-22T04:24:21.494Z [INFO] Sincronizacao success: 14 arquivos em 1195ms
{
  "added": 0,
  "modified": 0,
  "deleted": 0,
  "errors": 0
}
2026-05-22T04:24:40.301Z [INFO] 🔄 Sincronização manual acionada
{
  "full": false
}
2026-05-22T04:24:40.439Z [INFO] Iniciando sincronizacao incremental
2026-05-22T04:24:43.060Z [INFO] Cache limpo completamente
2026-05-22T04:24:43.092Z [INFO] Sincronizacao success: 14 arquivos em 2761ms
{
  "added": 0,
  "modified": 0,
  "deleted": 0,
  "errors": 0
}
2026-05-22T04:24:49.029Z [INFO] 🔄 Sincronização manual acionada
{
  "full": false
}
2026-05-22T04:24:49.049Z [INFO] Iniciando sincronizacao incremental
2026-05-22T04:24:50.335Z [INFO] Cache limpo completamente
2026-05-22T04:24:50.350Z [INFO] Sincronizacao success: 14 arquivos em 1306ms
{
  "added": 0,
  "modified": 0,
  "deleted": 0,
  "errors": 0
}
2026-05-22T04:27:07.968Z [INFO] 🔄 Sincronização manual acionada
{
  "full": false
}
2026-05-22T04:27:08.011Z [INFO] Iniciando sincronizacao incremental
2026-05-22T04:27:09.079Z [INFO] Cache limpo completamente
2026-05-22T04:27:09.123Z [INFO] Sincronizacao success: 14 arquivos em 1123ms
{
  "added": 0,
  "modified": 0,
  "deleted": 0,
  "errors": 0
}
2026-05-22T04:29:55.243Z [INFO] 🔄 Sincronização manual acionada
{
  "full": false
}
2026-05-22T04:29:55.278Z [INFO] Iniciando sincronizacao incremental
2026-05-22T04:29:57.147Z [INFO] Cache limpo completamente
2026-05-22T04:29:57.231Z [INFO] Sincronizacao success: 14 arquivos em 1917ms
{
  "added": 0,
  "modified": 0,
  "deleted": 0,
  "errors": 0
}
2026-05-22T04:30:49.412Z [INFO] 🔄 Sincronização manual acionada
{
  "full": false
}
2026-05-22T04:30:49.488Z [INFO] Iniciando sincronizacao incremental
2026-05-22T04:30:51.128Z [INFO] Cache limpo completamente
2026-05-22T04:30:51.240Z [INFO] Sincronizacao success: 14 arquivos em 1743ms
{
  "added": 0,
  "modified": 0,
  "deleted": 0,
  "errors": 0
}
2026-05-22T04:45:49.163Z [INFO] ⏹️ SIGINT recebido, encerrando...
2026-05-22T04:52:52.989Z [INFO] ═══════════════════════════════════════════════════════
2026-05-22T04:52:52.994Z [INFO] 🎯 WIKI BACKEND - Sistema Dinâmico Alimentado por GitHub
2026-05-22T04:52:52.994Z [INFO] ═══════════════════════════════════════════════════════
2026-05-22T04:52:52.995Z [INFO] 🔐 Validando acesso ao GitHub...
2026-05-22T04:52:53.483Z [INFO] GitHub conectado: panda12332145/cyber-wiki-content@main
2026-05-22T04:52:53.484Z [INFO] 🏗️ Criando aplicação Express...
2026-05-22T04:52:53.490Z [INFO] 📅 Inicializando jobs agendados...
2026-05-22T04:52:53.490Z [INFO] 🔧 Inicializando jobs agendados...
2026-05-22T04:52:53.499Z [INFO] 📅 Job de sincronização agendado: 0 */24 * * *
2026-05-22T04:52:53.500Z [INFO] ✅ 3 jobs agendados com sucesso
2026-05-22T04:52:53.501Z [INFO] 📦 Executando sincronização inicial...
2026-05-22T04:52:53.522Z [INFO] Iniciando sincronizacao completa
2026-05-22T04:52:55.462Z [INFO] Cache limpo completamente
2026-05-22T04:52:55.468Z [INFO] Sincronizacao success: 14 arquivos em 1960ms
{
  "added": 0,
  "modified": 11,
  "deleted": 0,
  "errors": 0
}
2026-05-22T04:52:55.468Z [INFO] ✅ Sincronização inicial concluída
{
  "filesProcessed": 14,
  "status": "success"
}
2026-05-22T04:52:55.468Z [INFO] 🚀 Iniciando servidor HTTP...
2026-05-22T04:52:55.471Z [INFO] 🚀 Servidor iniciado em porta 3001
2026-05-22T04:52:55.471Z [INFO] 🔗 API disponível em http://localhost:3001/api/wiki
2026-05-22T04:52:55.471Z [INFO] 📊 Health check: http://localhost:3001/health
2026-05-22T04:52:55.471Z [INFO] ✅ Wiki Backend está pronto e operacional
2026-05-22T05:01:49.663Z [INFO] ⏹️ SIGINT recebido, encerrando...
2026-05-22T05:08:08.678Z [INFO] ═══════════════════════════════════════════════════════
2026-05-22T05:08:08.683Z [INFO] 🎯 WIKI BACKEND - Sistema Dinâmico Alimentado por GitHub
2026-05-22T05:08:08.683Z [INFO] ═══════════════════════════════════════════════════════
2026-05-22T05:08:08.683Z [INFO] 🔐 Validando acesso ao GitHub...
2026-05-22T05:08:09.309Z [INFO] GitHub conectado: panda12332145/cyber-wiki-content@main
2026-05-22T05:08:09.310Z [INFO] 🏗️ Criando aplicação Express...
2026-05-22T05:08:09.324Z [INFO] 📅 Inicializando jobs agendados...
2026-05-22T05:08:09.324Z [INFO] 🔧 Inicializando jobs agendados...
2026-05-22T05:08:09.331Z [INFO] 📅 Job de sincronização agendado: 0 */24 * * *
2026-05-22T05:08:09.333Z [INFO] ✅ 3 jobs agendados com sucesso
2026-05-22T05:08:09.334Z [INFO] 📦 Executando sincronização inicial...
2026-05-22T05:08:09.357Z [INFO] Iniciando sincronizacao completa
2026-05-22T05:08:11.151Z [INFO] Cache limpo completamente
2026-05-22T05:08:11.156Z [INFO] Sincronizacao success: 14 arquivos em 1816ms
{
  "added": 0,
  "modified": 11,
  "deleted": 0,
  "errors": 0
}
2026-05-22T05:08:11.157Z [INFO] ✅ Sincronização inicial concluída
{
  "filesProcessed": 14,
  "status": "success"
}
2026-05-22T05:08:11.157Z [INFO] 🚀 Iniciando servidor HTTP...
2026-05-22T05:08:11.160Z [INFO] 🚀 Servidor iniciado em porta 3001
2026-05-22T05:08:11.160Z [INFO] 🔗 API disponível em http://localhost:3001/api/wiki
2026-05-22T05:08:11.160Z [INFO] 📊 Health check: http://localhost:3001/health
2026-05-22T05:08:11.160Z [INFO] ✅ Wiki Backend está pronto e operacional
2026-05-22T13:21:54.197Z [INFO] ⏹️ SIGINT recebido, encerrando...
2026-05-22T13:22:23.090Z [INFO] ═══════════════════════════════════════════════════════
2026-05-22T13:22:23.093Z [INFO] 🎯 WIKI BACKEND - Sistema Dinâmico Alimentado por GitHub
2026-05-22T13:22:23.093Z [INFO] ═══════════════════════════════════════════════════════
2026-05-22T13:22:23.093Z [INFO] 🔐 Validando acesso ao GitHub...
2026-05-22T13:22:23.589Z [INFO] GitHub conectado: panda12332145/cyber-wiki-content@main
2026-05-22T13:22:23.594Z [INFO] 🏗️ Criando aplicação Express...
2026-05-22T13:22:23.602Z [INFO] 📅 Inicializando jobs agendados...
2026-05-22T13:22:23.604Z [INFO] 🔧 Inicializando jobs agendados...
2026-05-22T13:22:23.610Z [INFO] 📅 Job de sincronização agendado: 0 */24 * * *
2026-05-22T13:22:23.612Z [INFO] ✅ 3 jobs agendados com sucesso
2026-05-22T13:22:23.612Z [INFO] 📦 Executando sincronização inicial...
2026-05-22T13:22:23.636Z [INFO] Iniciando sincronizacao completa
2026-05-22T13:22:28.574Z [INFO] Cache limpo completamente
2026-05-22T13:22:28.581Z [INFO] Sincronizacao success: 14 arquivos em 4961ms
{
  "added": 0,
  "modified": 11,
  "deleted": 0,
  "errors": 0
}
2026-05-22T13:22:28.581Z [INFO] ✅ Sincronização inicial concluída
{
  "filesProcessed": 14,
  "status": "success"
}
2026-05-22T13:22:28.581Z [INFO] 🚀 Iniciando servidor HTTP...
2026-05-22T13:22:28.586Z [INFO] 🚀 Servidor iniciado em porta 3001
2026-05-22T13:22:28.586Z [INFO] 🔗 API disponível em http://localhost:3001/api/wiki
2026-05-22T13:22:28.586Z [INFO] 📊 Health check: http://localhost:3001/health
2026-05-22T13:22:28.586Z [INFO] ✅ Wiki Backend está pronto e operacional
2026-05-22T14:21:49.724Z [INFO] ⏹️ SIGINT recebido, encerrando...
2026-05-22T14:22:20.335Z [INFO] ═══════════════════════════════════════════════════════
2026-05-22T14:22:20.340Z [INFO] 🎯 WIKI BACKEND - Sistema Dinâmico Alimentado por GitHub
2026-05-22T14:22:20.340Z [INFO] ═══════════════════════════════════════════════════════
2026-05-22T14:22:20.340Z [INFO] 🔐 Validando acesso ao GitHub...
2026-05-22T14:22:20.783Z [INFO] GitHub conectado: panda12332145/cyber-wiki-content@main
2026-05-22T14:22:20.784Z [INFO] 🏗️ Criando aplicação Express...
2026-05-22T14:22:20.805Z [INFO] 📅 Inicializando jobs agendados...
2026-05-22T14:22:20.806Z [INFO] 🔧 Inicializando jobs agendados...
2026-05-22T14:22:20.811Z [INFO] 📅 Job de sincronização agendado: 0 */24 * * *
2026-05-22T14:22:20.813Z [INFO] ✅ 3 jobs agendados com sucesso
2026-05-22T14:22:20.814Z [INFO] 📦 Executando sincronização inicial...
2026-05-22T14:22:20.834Z [INFO] Iniciando sincronizacao completa
2026-05-22T14:22:22.631Z [INFO] Cache limpo completamente
2026-05-22T14:22:22.643Z [INFO] Sincronizacao success: 14 arquivos em 1816ms
{
  "added": 0,
  "modified": 11,
  "deleted": 0,
  "errors": 0
}
2026-05-22T14:22:22.643Z [INFO] ✅ Sincronização inicial concluída
{
  "filesProcessed": 14,
  "status": "success"
}
2026-05-22T14:22:22.643Z [INFO] 🚀 Iniciando servidor HTTP...
2026-05-22T14:22:22.648Z [INFO] 🚀 Servidor iniciado em porta 3001
2026-05-22T14:22:22.648Z [INFO] 🔗 API disponível em http://localhost:3001/api/wiki
2026-05-22T14:22:22.648Z [INFO] 📊 Health check: http://localhost:3001/health
2026-05-22T14:22:22.648Z [INFO] ✅ Wiki Backend está pronto e operacional
2026-05-22T14:23:00.976Z [INFO] 🔄 Sincronização manual acionada
{
  "full": false
}
2026-05-22T14:23:01.002Z [INFO] Iniciando sincronizacao incremental
2026-05-22T14:23:03.325Z [INFO] Cache limpo completamente
2026-05-22T14:23:03.376Z [INFO] Sincronizacao success: 14 arquivos em 2377ms
{
  "added": 0,
  "modified": 0,
  "deleted": 0,
  "errors": 0
}
2026-05-22T14:23:20.938Z [INFO] 🔄 Sincronização manual acionada
{
  "full": false
}
2026-05-22T14:23:21.044Z [INFO] Iniciando sincronizacao incremental
2026-05-22T14:23:22.946Z [INFO] Cache limpo completamente
2026-05-22T14:23:22.971Z [INFO] Sincronizacao success: 14 arquivos em 1930ms
{
  "added": 0,
  "modified": 0,
  "deleted": 0,
  "errors": 0
}
2026-05-22T14:24:19.354Z [INFO] 🔄 Sincronização manual acionada
{
  "full": false
}
2026-05-22T14:24:19.378Z [INFO] Iniciando sincronizacao incremental
2026-05-22T14:24:20.359Z [INFO] Cache limpo completamente
2026-05-22T14:24:20.585Z [INFO] Sincronizacao success: 14 arquivos em 1220ms
{
  "added": 0,
  "modified": 0,
  "deleted": 0,
  "errors": 0
}
2026-05-22T14:24:31.345Z [INFO] 🔄 Sincronização manual acionada
{
  "full": false
}
2026-05-22T14:24:31.535Z [INFO] Iniciando sincronizacao incremental
2026-05-22T14:24:33.141Z [INFO] Cache limpo completamente
2026-05-22T14:24:33.170Z [INFO] Sincronizacao success: 14 arquivos em 1794ms
{
  "added": 0,
  "modified": 0,
  "deleted": 0,
  "errors": 0
}
2026-05-22T14:25:25.388Z [INFO] ⏹️ SIGINT recebido, encerrando...
2026-05-22T14:31:26.830Z [INFO] ═══════════════════════════════════════════════════════
2026-05-22T14:31:26.834Z [INFO] 🎯 WIKI BACKEND - Sistema Dinâmico Alimentado por GitHub
2026-05-22T14:31:26.834Z [INFO] ═══════════════════════════════════════════════════════
2026-05-22T14:31:26.834Z [INFO] 🔐 Validando acesso ao GitHub...
2026-05-22T14:31:27.312Z [INFO] GitHub conectado: panda12332145/cyber-wiki-content@main
2026-05-22T14:31:27.313Z [INFO] 🏗️ Criando aplicação Express...
2026-05-22T14:31:27.318Z [INFO] 📅 Inicializando jobs agendados...
2026-05-22T14:31:27.321Z [INFO] 🔧 Inicializando jobs agendados...
2026-05-22T14:31:27.328Z [INFO] 📅 Job de sincronização agendado: 0 */24 * * *
2026-05-22T14:31:27.329Z [INFO] ✅ 3 jobs agendados com sucesso
2026-05-22T14:31:27.329Z [INFO] 📦 Executando sincronização inicial...
2026-05-22T14:31:27.360Z [INFO] Iniciando sincronizacao completa
2026-05-22T14:31:28.950Z [INFO] Cache limpo completamente
2026-05-22T14:31:28.957Z [INFO] Sincronizacao success: 14 arquivos em 1620ms
{
  "added": 0,
  "modified": 11,
  "deleted": 0,
  "errors": 0
}
2026-05-22T14:31:28.957Z [INFO] ✅ Sincronização inicial concluída
{
  "filesProcessed": 14,
  "status": "success"
}
2026-05-22T14:31:28.957Z [INFO] 🚀 Iniciando servidor HTTP...
2026-05-22T14:31:28.963Z [INFO] 🚀 Servidor iniciado em porta 3001
2026-05-22T14:31:28.963Z [INFO] 🔗 API disponível em http://localhost:3001/api/wiki
2026-05-22T14:31:28.963Z [INFO] 📊 Health check: http://localhost:3001/health
2026-05-22T14:31:28.963Z [INFO] ✅ Wiki Backend está pronto e operacional
2026-05-22T14:32:09.334Z [INFO] 🔄 Sincronização manual acionada
{
  "full": false
}
2026-05-22T14:32:09.415Z [INFO] Iniciando sincronizacao incremental
2026-05-22T14:32:10.522Z [INFO] Cache limpo completamente
2026-05-22T14:32:10.537Z [INFO] Sincronizacao success: 14 arquivos em 1156ms
{
  "added": 0,
  "modified": 0,
  "deleted": 0,
  "errors": 0
}
2026-05-22T14:32:26.596Z [INFO] 🔄 Sincronização manual acionada
{
  "full": false
}
2026-05-22T14:32:26.631Z [INFO] Iniciando sincronizacao incremental
2026-05-22T14:32:28.371Z [INFO] Cache limpo completamente
2026-05-22T14:32:28.520Z [INFO] Sincronizacao success: 14 arquivos em 1828ms
{
  "added": 0,
  "modified": 0,
  "deleted": 0,
  "errors": 0
}
2026-05-22T14:33:05.868Z [INFO] 🔄 Sincronização manual acionada
{
  "full": false
}
2026-05-22T14:33:06.289Z [INFO] Iniciando sincronizacao incremental
2026-05-22T14:33:07.416Z [INFO] Cache limpo completamente
2026-05-22T14:33:07.490Z [INFO] Sincronizacao success: 14 arquivos em 1373ms
{
  "added": 0,
  "modified": 0,
  "deleted": 0,
  "errors": 0
}
2026-05-22T14:33:19.476Z [INFO] ⏹️ SIGINT recebido, encerrando...
2026-05-22T14:34:21.391Z [INFO] ═══════════════════════════════════════════════════════
2026-05-22T14:34:21.415Z [INFO] 🎯 WIKI BACKEND - Sistema Dinâmico Alimentado por GitHub
2026-05-22T14:34:21.415Z [INFO] ═══════════════════════════════════════════════════════
2026-05-22T14:34:21.415Z [INFO] 🔐 Validando acesso ao GitHub...
2026-05-22T14:34:22.317Z [INFO] GitHub conectado: panda12332145/cyber-wiki-content@main
2026-05-22T14:34:22.320Z [INFO] 🏗️ Criando aplicação Express...
2026-05-22T14:34:22.350Z [INFO] 📅 Inicializando jobs agendados...
2026-05-22T14:34:22.351Z [INFO] 🔧 Inicializando jobs agendados...
2026-05-22T14:34:22.373Z [INFO] 📅 Job de sincronização agendado: 0 */24 * * *
2026-05-22T14:34:22.387Z [INFO] ✅ 3 jobs agendados com sucesso
2026-05-22T14:34:22.388Z [INFO] 📦 Executando sincronização inicial...
2026-05-22T14:34:22.468Z [INFO] Iniciando sincronizacao completa
2026-05-22T14:34:27.523Z [INFO] Cache limpo completamente
2026-05-22T14:34:27.596Z [INFO] Sincronizacao success: 14 arquivos em 5148ms
{
  "added": 0,
  "modified": 11,
  "deleted": 0,
  "errors": 0
}
2026-05-22T14:34:27.605Z [INFO] ✅ Sincronização inicial concluída
{
  "filesProcessed": 14,
  "status": "success"
}
2026-05-22T14:34:27.606Z [INFO] 🚀 Iniciando servidor HTTP...
2026-05-22T14:34:27.629Z [INFO] 🚀 Servidor iniciado em porta 3001
2026-05-22T14:34:27.637Z [INFO] 🔗 API disponível em http://localhost:3001/api/wiki
2026-05-22T14:34:27.638Z [INFO] 📊 Health check: http://localhost:3001/health
2026-05-22T14:34:27.644Z [INFO] ✅ Wiki Backend está pronto e operacional
2026-05-22T14:38:23.725Z [INFO] ⏹️ SIGINT recebido, encerrando...
2026-05-22T14:50:13.706Z [INFO] ═══════════════════════════════════════════════════════
2026-05-22T14:50:13.709Z [INFO] 🎯 WIKI BACKEND - Sistema Dinâmico Alimentado por GitHub
2026-05-22T14:50:13.710Z [INFO] ═══════════════════════════════════════════════════════
2026-05-22T14:50:13.710Z [INFO] 🔐 Validando acesso ao GitHub...
2026-05-22T14:50:14.277Z [INFO] GitHub conectado: panda12332145/cyber-wiki-content@main
2026-05-22T14:50:14.278Z [INFO] 🏗️ Criando aplicação Express...
2026-05-22T14:50:14.292Z [INFO] 📅 Inicializando jobs agendados...
2026-05-22T14:50:14.292Z [INFO] 🔧 Inicializando jobs agendados...
2026-05-22T14:50:14.304Z [INFO] 📅 Job de sincronização agendado: 0 */24 * * *
2026-05-22T14:50:14.306Z [INFO] ✅ 3 jobs agendados com sucesso
2026-05-22T14:50:14.307Z [INFO] 📦 Executando sincronização inicial...
2026-05-22T14:50:14.339Z [INFO] Iniciando sincronizacao completa
2026-05-22T14:50:16.239Z [INFO] Cache limpo completamente
2026-05-22T14:50:16.246Z [INFO] Sincronizacao success: 14 arquivos em 1932ms
{
  "added": 0,
  "modified": 11,
  "deleted": 0,
  "errors": 0
}
2026-05-22T14:50:16.246Z [INFO] ✅ Sincronização inicial concluída
{
  "filesProcessed": 14,
  "status": "success"
}
2026-05-22T14:50:16.246Z [INFO] 🚀 Iniciando servidor HTTP...
2026-05-22T14:50:16.249Z [INFO] 🚀 Servidor iniciado em porta 3001
2026-05-22T14:50:16.249Z [INFO] 🔗 API disponível em http://localhost:3001/api/wiki
2026-05-22T14:50:16.249Z [INFO] 📊 Health check: http://localhost:3001/health
2026-05-22T14:50:16.249Z [INFO] ✅ Wiki Backend está pronto e operacional
2026-05-22T14:51:24.053Z [INFO] 🔄 Sincronização manual acionada
{
  "full": false
}
2026-05-22T14:51:24.110Z [INFO] Iniciando sincronizacao incremental
2026-05-22T14:51:25.544Z [INFO] Cache limpo completamente
2026-05-22T14:51:26.113Z [INFO] Sincronizacao success: 14 arquivos em 1701ms
{
  "added": 0,
  "modified": 0,
  "deleted": 0,
  "errors": 0
}
2026-05-22T14:54:24.715Z [INFO] ⏹️ SIGINT recebido, encerrando...
2026-05-22T14:55:53.870Z [INFO] ═══════════════════════════════════════════════════════
2026-05-22T14:55:53.925Z [INFO] 🎯 WIKI BACKEND - Sistema Dinâmico Alimentado por GitHub
2026-05-22T14:55:53.929Z [INFO] ═══════════════════════════════════════════════════════
2026-05-22T14:55:53.929Z [INFO] 🔐 Validando acesso ao GitHub...
2026-05-22T14:55:55.021Z [INFO] GitHub conectado: panda12332145/cyber-wiki-content@main
2026-05-22T14:55:55.046Z [INFO] 🏗️ Criando aplicação Express...
2026-05-22T14:55:55.235Z [INFO] 📅 Inicializando jobs agendados...
2026-05-22T14:55:55.248Z [INFO] 🔧 Inicializando jobs agendados...
2026-05-22T14:55:55.269Z [INFO] 📅 Job de sincronização agendado: 0 */24 * * *
2026-05-22T14:55:55.284Z [INFO] ✅ 3 jobs agendados com sucesso
2026-05-22T14:55:55.284Z [INFO] 📦 Executando sincronização inicial...
2026-05-22T14:55:55.368Z [INFO] Iniciando sincronizacao completa
2026-05-22T14:56:01.171Z [INFO] Cache limpo completamente
2026-05-22T14:56:01.188Z [INFO] Sincronizacao success: 14 arquivos em 5875ms
{
  "added": 0,
  "modified": 11,
  "deleted": 0,
  "errors": 0
}
2026-05-22T14:56:01.190Z [INFO] ✅ Sincronização inicial concluída
{
  "filesProcessed": 14,
  "status": "success"
}
2026-05-22T14:56:01.191Z [INFO] 🚀 Iniciando servidor HTTP...
2026-05-22T14:56:01.227Z [INFO] 🚀 Servidor iniciado em porta 3001
2026-05-22T14:56:01.238Z [INFO] 🔗 API disponível em http://localhost:3001/api/wiki
2026-05-22T14:56:01.241Z [INFO] 📊 Health check: http://localhost:3001/health
2026-05-22T14:56:01.243Z [INFO] ✅ Wiki Backend está pronto e operacional
2026-05-22T18:06:40.057Z [INFO] ⏹️ SIGINT recebido, encerrando...
2026-05-25T19:16:33.847Z [INFO] ═══════════════════════════════════════════════════════
2026-05-25T19:16:33.873Z [INFO] 🎯 WIKI BACKEND - Sistema Dinâmico Alimentado por GitHub
2026-05-25T19:16:33.874Z [INFO] ═══════════════════════════════════════════════════════
2026-05-25T19:16:33.874Z [INFO] 🔐 Validando acesso ao GitHub...
2026-05-25T19:16:34.982Z [INFO] GitHub conectado: panda12332145/cyber-wiki-content@main
2026-05-25T19:16:34.984Z [INFO] 🏗️ Criando aplicação Express...
2026-05-25T19:16:35.030Z [INFO] 📅 Inicializando jobs agendados...
2026-05-25T19:16:35.031Z [INFO] 🔧 Inicializando jobs agendados...
2026-05-25T19:16:35.045Z [INFO] 📅 Job de sincronização agendado: 0 */24 * * *
2026-05-25T19:16:35.048Z [INFO] ✅ 3 jobs agendados com sucesso
2026-05-25T19:16:35.049Z [INFO] 📦 Executando sincronização inicial...
2026-05-25T19:16:35.692Z [INFO] Iniciando sincronizacao completa
2026-05-25T19:16:42.640Z [INFO] Cache limpo completamente
2026-05-25T19:16:42.669Z [INFO] Sincronizacao success: 14 arquivos em 7590ms
{
  "added": 0,
  "modified": 11,
  "deleted": 0,
  "errors": 0
}
2026-05-25T19:16:42.670Z [INFO] ✅ Sincronização inicial concluída
{
  "filesProcessed": 14,
  "status": "success"
}
2026-05-25T19:16:42.670Z [INFO] 🚀 Iniciando servidor HTTP...
2026-05-25T19:16:42.685Z [INFO] 🚀 Servidor iniciado em porta 3001
2026-05-25T19:16:42.685Z [INFO] 🔗 API disponível em http://localhost:3001/api/wiki
2026-05-25T19:16:42.686Z [INFO] 📊 Health check: http://localhost:3001/health
2026-05-25T19:16:42.686Z [INFO] ✅ Wiki Backend está pronto e operacional
2026-05-25T19:19:08.617Z [INFO] ⏹️ SIGINT recebido, encerrando...
2026-05-25T19:19:56.456Z [INFO] ═══════════════════════════════════════════════════════
2026-05-25T19:19:56.462Z [INFO] 🎯 WIKI BACKEND - Sistema Dinâmico Alimentado por GitHub
2026-05-25T19:19:56.463Z [INFO] ═══════════════════════════════════════════════════════
2026-05-25T19:19:56.463Z [INFO] 🔐 Validando acesso ao GitHub...
2026-05-25T19:19:57.149Z [INFO] GitHub conectado: panda12332145/cyber-wiki-content@main
2026-05-25T19:19:57.150Z [INFO] 🏗️ Criando aplicação Express...
2026-05-25T19:19:57.159Z [INFO] 📅 Inicializando jobs agendados...
2026-05-25T19:19:57.161Z [INFO] 🔧 Inicializando jobs agendados...
2026-05-25T19:19:57.167Z [INFO] 📅 Job de sincronização agendado: 0 */24 * * *
2026-05-25T19:19:57.168Z [INFO] ✅ 3 jobs agendados com sucesso
2026-05-25T19:19:57.169Z [INFO] 📦 Executando sincronização inicial...
2026-05-25T19:19:57.691Z [INFO] Iniciando sincronizacao completa
2026-05-25T19:20:01.828Z [INFO] Cache limpo completamente
2026-05-25T19:20:01.923Z [INFO] Sincronizacao success: 14 arquivos em 4660ms
{
  "added": 0,
  "modified": 11,
  "deleted": 0,
  "errors": 0
}
2026-05-25T19:20:01.924Z [INFO] ✅ Sincronização inicial concluída
{
  "filesProcessed": 14,
  "status": "success"
}
2026-05-25T19:20:01.924Z [INFO] 🚀 Iniciando servidor HTTP...
2026-05-25T19:20:01.934Z [INFO] 🚀 Servidor iniciado em porta 3001
2026-05-25T19:20:01.934Z [INFO] 🔗 API disponível em http://localhost:3001/api/wiki
2026-05-25T19:20:01.934Z [INFO] 📊 Health check: http://localhost:3001/health
2026-05-25T19:20:01.934Z [INFO] ✅ Wiki Backend está pronto e operacional
2026-05-25T19:24:13.125Z [INFO] ⏹️ SIGINT recebido, encerrando...
2026-05-25T19:41:39.765Z [INFO] ═══════════════════════════════════════════════════════
2026-05-25T19:41:39.769Z [INFO] 🎯 WIKI BACKEND - Sistema Dinâmico Alimentado por GitHub
2026-05-25T19:41:39.769Z [INFO] ═══════════════════════════════════════════════════════
2026-05-25T19:41:39.769Z [INFO] 🔐 Validando acesso ao GitHub...
2026-05-25T19:41:40.227Z [INFO] GitHub conectado: panda12332145/cyber-wiki-content@main
2026-05-25T19:41:40.229Z [INFO] 🏗️ Criando aplicação Express...
2026-05-25T19:41:40.243Z [INFO] 📅 Inicializando jobs agendados...
2026-05-25T19:41:40.243Z [INFO] 🔧 Inicializando jobs agendados...
2026-05-25T19:41:40.251Z [INFO] 📅 Job de sincronização agendado: 0 */24 * * *
2026-05-25T19:41:40.252Z [INFO] ✅ 3 jobs agendados com sucesso
2026-05-25T19:41:40.253Z [INFO] 📦 Executando sincronização inicial...
2026-05-25T19:41:40.275Z [INFO] Iniciando sincronizacao completa
2026-05-25T19:41:41.969Z [INFO] Cache limpo completamente
2026-05-25T19:41:41.979Z [INFO] Sincronizacao success: 14 arquivos em 1715ms
{
  "added": 0,
  "modified": 11,
  "deleted": 0,
  "errors": 0
}
2026-05-25T19:41:41.980Z [INFO] ✅ Sincronização inicial concluída
{
  "filesProcessed": 14,
  "status": "success"
}
2026-05-25T19:41:41.980Z [INFO] 🚀 Iniciando servidor HTTP...
2026-05-25T19:41:41.986Z [INFO] 🚀 Servidor iniciado em porta 3001
2026-05-25T19:41:41.986Z [INFO] 🔗 API disponível em http://localhost:3001/api/wiki
2026-05-25T19:41:41.986Z [INFO] 📊 Health check: http://localhost:3001/health
2026-05-25T19:41:41.986Z [INFO] ✅ Wiki Backend está pronto e operacional
2026-05-25T19:42:39.756Z [INFO] ⏹️ SIGINT recebido, encerrando...
2026-05-25T19:45:11.911Z [INFO] ═══════════════════════════════════════════════════════
2026-05-25T19:45:11.915Z [INFO] 🎯 WIKI BACKEND - Sistema Dinâmico Alimentado por GitHub
2026-05-25T19:45:11.916Z [INFO] ═══════════════════════════════════════════════════════
2026-05-25T19:45:11.916Z [INFO] 🔐 Validando acesso ao GitHub...
2026-05-25T19:45:12.495Z [INFO] GitHub conectado: panda12332145/cyber-wiki-content@main
2026-05-25T19:45:12.496Z [INFO] 🏗️ Criando aplicação Express...
2026-05-25T19:45:12.502Z [INFO] 📅 Inicializando jobs agendados...
2026-05-25T19:45:12.504Z [INFO] 🔧 Inicializando jobs agendados...
2026-05-25T19:45:12.512Z [INFO] 📅 Job de sincronização agendado: 0 */24 * * *
2026-05-25T19:45:12.514Z [INFO] ✅ 3 jobs agendados com sucesso
2026-05-25T19:45:12.514Z [INFO] 📦 Executando sincronização inicial...
2026-05-25T19:45:12.584Z [INFO] Iniciando sincronizacao completa
2026-05-25T19:45:14.478Z [INFO] Cache limpo completamente
2026-05-25T19:45:14.485Z [INFO] Sincronizacao success: 14 arquivos em 1963ms
{
  "added": 0,
  "modified": 11,
  "deleted": 0,
  "errors": 0
}
2026-05-25T19:45:14.499Z [INFO] ✅ Sincronização inicial concluída
{
  "filesProcessed": 14,
  "status": "success"
}
2026-05-25T19:45:14.507Z [INFO] 🚀 Iniciando servidor HTTP...
2026-05-25T19:45:14.511Z [INFO] 🚀 Servidor iniciado em porta 3001
2026-05-25T19:45:14.511Z [INFO] 🔗 API disponível em http://localhost:3001/api/wiki
2026-05-25T19:45:14.511Z [INFO] 📊 Health check: http://localhost:3001/health
2026-05-25T19:45:14.511Z [INFO] ✅ Wiki Backend está pronto e operacional
2026-05-25T20:24:43.211Z [INFO] ═══════════════════════════════════════════════════════
2026-05-25T20:24:43.214Z [INFO] 🎯 WIKI BACKEND - Sistema Dinâmico Alimentado por GitHub
2026-05-25T20:24:43.214Z [INFO] ═══════════════════════════════════════════════════════
2026-05-25T20:24:43.214Z [INFO] 🔐 Validando acesso ao GitHub...
2026-05-25T20:24:43.683Z [INFO] GitHub conectado: panda12332145/cyber-wiki-content@main
2026-05-25T20:24:43.684Z [INFO] 🏗️ Criando aplicação Express...
2026-05-25T20:24:43.697Z [INFO] 📅 Inicializando jobs agendados...
2026-05-25T20:24:43.698Z [INFO] 🔧 Inicializando jobs agendados...
2026-05-25T20:24:43.703Z [INFO] 📅 Job de sincronização agendado: 0 */24 * * *
2026-05-25T20:24:43.705Z [INFO] ✅ 3 jobs agendados com sucesso
2026-05-25T20:24:43.705Z [INFO] 📦 Executando sincronização inicial...
2026-05-25T20:24:43.727Z [INFO] Iniciando sincronizacao completa
2026-05-25T20:24:45.792Z [INFO] Cache limpo completamente
2026-05-25T20:24:45.798Z [INFO] Sincronizacao success: 14 arquivos em 2085ms
{
  "added": 0,
  "modified": 11,
  "deleted": 0,
  "errors": 0
}
2026-05-25T20:24:45.798Z [INFO] ✅ Sincronização inicial concluída
{
  "filesProcessed": 14,
  "status": "success"
}
2026-05-25T20:24:45.798Z [INFO] 🚀 Iniciando servidor HTTP...
2026-05-25T20:24:45.802Z [INFO] 🚀 Servidor iniciado em porta 3001
2026-05-25T20:24:45.802Z [INFO] 🔗 API disponível em http://localhost:3001/api/wiki
2026-05-25T20:24:45.802Z [INFO] 📊 Health check: http://localhost:3001/health
2026-05-25T20:24:45.802Z [INFO] ✅ Wiki Backend está pronto e operacional
2026-05-25T20:38:41.004Z [INFO] ⏹️ SIGINT recebido, encerrando...
2026-05-25T20:39:53.927Z [INFO] ═══════════════════════════════════════════════════════
2026-05-25T20:39:53.931Z [INFO] 🎯 WIKI BACKEND - Sistema Dinâmico Alimentado por GitHub
2026-05-25T20:39:53.931Z [INFO] ═══════════════════════════════════════════════════════
2026-05-25T20:39:53.931Z [INFO] 🔐 Validando acesso ao GitHub...
2026-05-25T20:39:54.381Z [INFO] GitHub conectado: panda12332145/cyber-wiki-content@main
2026-05-25T20:39:54.381Z [INFO] 🏗️ Criando aplicação Express...
2026-05-25T20:39:54.398Z [INFO] 📅 Inicializando jobs agendados...
2026-05-25T20:39:54.399Z [INFO] 🔧 Inicializando jobs agendados...
2026-05-25T20:39:54.404Z [INFO] 📅 Job de sincronização agendado: 0 */24 * * *
2026-05-25T20:39:54.406Z [INFO] ✅ 3 jobs agendados com sucesso
2026-05-25T20:39:54.406Z [INFO] 📦 Executando sincronização inicial...
2026-05-25T20:39:54.429Z [INFO] Iniciando sincronizacao completa
2026-05-25T20:39:56.297Z [INFO] Cache limpo completamente
2026-05-25T20:39:56.303Z [INFO] Sincronizacao success: 14 arquivos em 1889ms
{
  "added": 0,
  "modified": 11,
  "deleted": 0,
  "errors": 0
}
2026-05-25T20:39:56.304Z [INFO] ✅ Sincronização inicial concluída
{
  "filesProcessed": 14,
  "status": "success"
}
2026-05-25T20:39:56.304Z [INFO] 🚀 Iniciando servidor HTTP...
2026-05-25T20:39:56.309Z [INFO] 🚀 Servidor iniciado em porta 3001
2026-05-25T20:39:56.309Z [INFO] 🔗 API disponível em http://localhost:3001/api/wiki
2026-05-25T20:39:56.309Z [INFO] 📊 Health check: http://localhost:3001/health
2026-05-25T20:39:56.310Z [INFO] ✅ Wiki Backend está pronto e operacional
2026-05-25T22:10:49.964Z [INFO] ⏹️ SIGINT recebido, encerrando...
2026-05-25T22:12:12.716Z [INFO] ═══════════════════════════════════════════════════════
2026-05-25T22:12:12.888Z [INFO] 🎯 WIKI BACKEND - Sistema Dinâmico Alimentado por GitHub
2026-05-25T22:12:12.934Z [INFO] ═══════════════════════════════════════════════════════
2026-05-25T22:12:13.002Z [INFO] 🔐 Validando acesso ao GitHub...
2026-05-25T22:12:16.865Z [INFO] GitHub conectado: panda12332145/cyber-wiki-content@main
2026-05-25T22:12:17.175Z [INFO] 🏗️ Criando aplicação Express...
2026-05-25T22:12:17.652Z [INFO] 📅 Inicializando jobs agendados...
2026-05-25T22:12:17.706Z [INFO] 🔧 Inicializando jobs agendados...
2026-05-25T22:12:17.901Z [INFO] 📅 Job de sincronização agendado: 0 */24 * * *
2026-05-25T22:12:18.004Z [INFO] ✅ 3 jobs agendados com sucesso
2026-05-25T22:12:18.044Z [INFO] 📦 Executando sincronização inicial...
2026-05-25T22:12:18.392Z [INFO] Iniciando sincronizacao completa
2026-05-25T22:12:34.096Z [INFO] Cache limpo completamente
2026-05-25T22:12:34.357Z [INFO] Sincronizacao success: 14 arquivos em 16032ms
{
  "added": 0,
  "modified": 11,
  "deleted": 0,
  "errors": 0
}
2026-05-25T22:12:34.434Z [INFO] ✅ Sincronização inicial concluída
{
  "filesProcessed": 14,
  "status": "success"
}
2026-05-25T22:12:34.474Z [INFO] 🚀 Iniciando servidor HTTP...
2026-05-25T22:12:34.525Z [INFO] 🚀 Servidor iniciado em porta 3001
2026-05-25T22:12:34.540Z [INFO] 🔗 API disponível em http://localhost:3001/api/wiki
2026-05-25T22:12:34.542Z [INFO] 📊 Health check: http://localhost:3001/health
2026-05-25T22:12:34.570Z [INFO] ✅ Wiki Backend está pronto e operacional
2026-05-26T00:53:13.425Z [INFO] ⏹️ SIGINT recebido, encerrando...
2026-05-26T00:53:52.023Z [INFO] ═══════════════════════════════════════════════════════
2026-05-26T00:53:52.056Z [INFO] 🎯 WIKI BACKEND - Sistema Dinâmico Alimentado por GitHub
2026-05-26T00:53:52.057Z [INFO] ═══════════════════════════════════════════════════════
2026-05-26T00:53:52.057Z [INFO] 🔐 Validando acesso ao GitHub...
2026-05-26T00:53:52.781Z [INFO] GitHub conectado: panda12332145/cyber-wiki-content@main
2026-05-26T00:53:52.783Z [INFO] 🏗️ Criando aplicação Express...
2026-05-26T00:53:52.802Z [INFO] 📅 Inicializando jobs agendados...
2026-05-26T00:53:52.805Z [INFO] 🔧 Inicializando jobs agendados...
2026-05-26T00:53:52.814Z [INFO] 📅 Job de sincronização agendado: 0 */24 * * *
2026-05-26T00:53:52.816Z [INFO] ✅ 3 jobs agendados com sucesso
2026-05-26T00:53:52.817Z [INFO] 📦 Executando sincronização inicial...
2026-05-26T00:53:52.856Z [INFO] Iniciando sincronizacao completa
2026-05-26T00:53:55.537Z [INFO] Cache limpo completamente
2026-05-26T00:53:55.548Z [INFO] Sincronizacao success: 14 arquivos em 2719ms
{
  "added": 0,
  "modified": 11,
  "deleted": 0,
  "errors": 0
}
2026-05-26T00:53:55.548Z [INFO] ✅ Sincronização inicial concluída
{
  "filesProcessed": 14,
  "status": "success"
}
2026-05-26T00:53:55.548Z [INFO] 🚀 Iniciando servidor HTTP...
2026-05-26T00:53:55.553Z [INFO] 🚀 Servidor iniciado em porta 3001
2026-05-26T00:53:55.553Z [INFO] 🔗 API disponível em http://localhost:3001/api/wiki
2026-05-26T00:53:55.554Z [INFO] 📊 Health check: http://localhost:3001/health
2026-05-26T00:53:55.554Z [INFO] ✅ Wiki Backend está pronto e operacional
2026-05-26T01:09:29.098Z [INFO] ⏹️ SIGINT recebido, encerrando...
2026-05-26T01:17:33.776Z [INFO] ═══════════════════════════════════════════════════════
2026-05-26T01:17:33.783Z [INFO] 🎯 WIKI BACKEND - Sistema Dinâmico Alimentado por GitHub
2026-05-26T01:17:33.786Z [INFO] ═══════════════════════════════════════════════════════
2026-05-26T01:17:33.787Z [INFO] 🔐 Validando acesso ao GitHub...
2026-05-26T01:17:34.377Z [INFO] GitHub conectado: panda12332145/cyber-wiki-content@main
2026-05-26T01:17:34.380Z [INFO] 🏗️ Criando aplicação Express...
2026-05-26T01:17:34.393Z [INFO] 📅 Inicializando jobs agendados...
2026-05-26T01:17:34.394Z [INFO] 🔧 Inicializando jobs agendados...
2026-05-26T01:17:34.403Z [INFO] 📅 Job de sincronização agendado: 0 */24 * * *
2026-05-26T01:17:34.405Z [INFO] ✅ 3 jobs agendados com sucesso
2026-05-26T01:17:34.406Z [INFO] 📦 Executando sincronização inicial...
2026-05-26T01:17:34.481Z [INFO] Iniciando sincronizacao completa
2026-05-26T01:17:39.289Z [INFO] Cache limpo completamente
2026-05-26T01:17:39.295Z [INFO] Sincronizacao success: 14 arquivos em 4881ms
{
  "added": 0,
  "modified": 11,
  "deleted": 0,
  "errors": 0
}
2026-05-26T01:17:39.296Z [INFO] ✅ Sincronização inicial concluída
{
  "filesProcessed": 14,
  "status": "success"
}
2026-05-26T01:17:39.296Z [INFO] 🚀 Iniciando servidor HTTP...
2026-05-26T01:17:39.304Z [INFO] 🚀 Servidor iniciado em porta 3001
2026-05-26T01:17:39.305Z [INFO] 🔗 API disponível em http://localhost:3001/api/wiki
2026-05-26T01:17:39.305Z [INFO] 📊 Health check: http://localhost:3001/health
2026-05-26T01:17:39.305Z [INFO] ✅ Wiki Backend está pronto e operacional
2026-05-26T01:18:42.503Z [INFO] ⏹️ SIGINT recebido, encerrando...
2026-05-26T01:19:19.501Z [INFO] ═══════════════════════════════════════════════════════
2026-05-26T01:19:19.505Z [INFO] 🎯 WIKI BACKEND - Sistema Dinâmico Alimentado por GitHub
2026-05-26T01:19:19.506Z [INFO] ═══════════════════════════════════════════════════════
2026-05-26T01:19:19.506Z [INFO] 🔐 Validando acesso ao GitHub...
2026-05-26T01:19:20.101Z [INFO] GitHub conectado: panda12332145/cyber-wiki-content@main
2026-05-26T01:19:20.102Z [INFO] 🏗️ Criando aplicação Express...
2026-05-26T01:19:20.113Z [INFO] 📅 Inicializando jobs agendados...
2026-05-26T01:19:20.114Z [INFO] 🔧 Inicializando jobs agendados...
2026-05-26T01:19:20.123Z [INFO] 📅 Job de sincronização agendado: 0 */24 * * *
2026-05-26T01:19:20.127Z [INFO] ✅ 3 jobs agendados com sucesso
2026-05-26T01:19:20.128Z [INFO] 📦 Executando sincronização inicial...
2026-05-26T01:19:20.155Z [INFO] Iniciando sincronizacao completa
2026-05-26T01:19:22.736Z [INFO] Cache limpo completamente
2026-05-26T01:19:22.749Z [INFO] Sincronizacao success: 14 arquivos em 2608ms
{
  "added": 0,
  "modified": 11,
  "deleted": 0,
  "errors": 0
}
2026-05-26T01:19:22.752Z [INFO] ✅ Sincronização inicial concluída
{
  "filesProcessed": 14,
  "status": "success"
}
2026-05-26T01:19:22.752Z [INFO] 🚀 Iniciando servidor HTTP...
2026-05-26T01:19:22.758Z [INFO] 🚀 Servidor iniciado em porta 3001
2026-05-26T01:19:22.759Z [INFO] 🔗 API disponível em http://localhost:3001/api/wiki
2026-05-26T01:19:22.759Z [INFO] 📊 Health check: http://localhost:3001/health
2026-05-26T01:19:22.761Z [INFO] ✅ Wiki Backend está pronto e operacional
2026-05-26T02:11:52.615Z [INFO] ⏹️ SIGINT recebido, encerrando...
2026-05-26T04:08:21.556Z [INFO] ═══════════════════════════════════════════════════════
2026-05-26T04:08:21.579Z [INFO] 🎯 WIKI BACKEND - Sistema Dinâmico Alimentado por GitHub
2026-05-26T04:08:21.580Z [INFO] ═══════════════════════════════════════════════════════
2026-05-26T04:08:21.580Z [INFO] 🔐 Validando acesso ao GitHub...
2026-05-26T04:08:22.194Z [INFO] GitHub conectado: panda12332145/cyber-wiki-content@main
2026-05-26T04:08:22.195Z [INFO] 🏗️ Criando aplicação Express...
2026-05-26T04:08:22.206Z [INFO] 📅 Inicializando jobs agendados...
2026-05-26T04:08:22.207Z [INFO] 🔧 Inicializando jobs agendados...
2026-05-26T04:08:22.212Z [INFO] 📅 Job de sincronização agendado: 0 */24 * * *
2026-05-26T04:08:22.213Z [INFO] ✅ 3 jobs agendados com sucesso
2026-05-26T04:08:22.214Z [INFO] 📦 Executando sincronização inicial...
2026-05-26T04:08:22.238Z [INFO] Iniciando sincronizacao completa
2026-05-26T04:08:25.676Z [INFO] Cache limpo completamente
2026-05-26T04:08:25.682Z [INFO] Sincronizacao success: 17 arquivos em 3462ms
{
  "added": 3,
  "modified": 11,
  "deleted": 0,
  "errors": 0
}
2026-05-26T04:08:25.683Z [INFO] ✅ Sincronização inicial concluída
{
  "filesProcessed": 17,
  "status": "success"
}
2026-05-26T04:08:25.683Z [INFO] 🚀 Iniciando servidor HTTP...
2026-05-26T04:08:25.689Z [INFO] 🚀 Servidor iniciado em porta 3001
2026-05-26T04:08:25.689Z [INFO] 🔗 API disponível em http://localhost:3001/api/wiki
2026-05-26T04:08:25.689Z [INFO] 📊 Health check: http://localhost:3001/health
2026-05-26T04:08:25.690Z [INFO] ✅ Wiki Backend está pronto e operacional
2026-05-26T04:19:29.340Z [INFO] 🔄 Sincronização manual acionada
{
  "full": false
}
2026-05-26T04:19:29.511Z [INFO] Iniciando sincronizacao incremental
2026-05-26T04:19:32.846Z [INFO] Cache limpo completamente
2026-05-26T04:19:32.889Z [INFO] Sincronizacao success: 17 arquivos em 3418ms
{
  "added": 0,
  "modified": 0,
  "deleted": 0,
  "errors": 0
}
2026-05-26T04:19:42.699Z [INFO] 🔄 Sincronização manual acionada
{
  "full": false
}
2026-05-26T04:19:42.769Z [INFO] Iniciando sincronizacao incremental
2026-05-26T04:19:43.550Z [INFO] Cache limpo completamente
2026-05-26T04:19:43.561Z [INFO] Sincronizacao success: 17 arquivos em 799ms
{
  "added": 0,
  "modified": 0,
  "deleted": 0,
  "errors": 0
}
2026-05-26T04:20:12.058Z [INFO] ⏹️ SIGINT recebido, encerrando...
2026-05-26T04:20:45.551Z [INFO] ═══════════════════════════════════════════════════════
2026-05-26T04:20:45.555Z [INFO] 🎯 WIKI BACKEND - Sistema Dinâmico Alimentado por GitHub
2026-05-26T04:20:45.555Z [INFO] ═══════════════════════════════════════════════════════
2026-05-26T04:20:45.556Z [INFO] 🔐 Validando acesso ao GitHub...
2026-05-26T04:20:46.007Z [INFO] GitHub conectado: panda12332145/cyber-wiki-content@main
2026-05-26T04:20:46.008Z [INFO] 🏗️ Criando aplicação Express...
2026-05-26T04:20:46.026Z [INFO] 📅 Inicializando jobs agendados...
2026-05-26T04:20:46.030Z [INFO] 🔧 Inicializando jobs agendados...
2026-05-26T04:20:46.038Z [INFO] 📅 Job de sincronização agendado: 0 */24 * * *
2026-05-26T04:20:46.041Z [INFO] ✅ 3 jobs agendados com sucesso
2026-05-26T04:20:46.041Z [INFO] 📦 Executando sincronização inicial...
2026-05-26T04:20:46.080Z [INFO] Iniciando sincronizacao completa
2026-05-26T04:20:48.592Z [INFO] Cache limpo completamente
2026-05-26T04:20:48.616Z [INFO] Sincronizacao success: 17 arquivos em 2550ms
{
  "added": 0,
  "modified": 14,
  "deleted": 0,
  "errors": 0
}
2026-05-26T04:20:48.616Z [INFO] ✅ Sincronização inicial concluída
{
  "filesProcessed": 17,
  "status": "success"
}
2026-05-26T04:20:48.616Z [INFO] 🚀 Iniciando servidor HTTP...
2026-05-26T04:20:48.619Z [INFO] 🚀 Servidor iniciado em porta 3001
2026-05-26T04:20:48.619Z [INFO] 🔗 API disponível em http://localhost:3001/api/wiki
2026-05-26T04:20:48.620Z [INFO] 📊 Health check: http://localhost:3001/health
2026-05-26T04:20:48.620Z [INFO] ✅ Wiki Backend está pronto e operacional
2026-05-26T15:02:54.239Z [INFO] ⏹️ SIGINT recebido, encerrando...
2026-05-26T15:03:28.214Z [INFO] ═══════════════════════════════════════════════════════
2026-05-26T15:03:28.219Z [INFO] 🎯 WIKI BACKEND - Sistema Dinâmico Alimentado por GitHub
2026-05-26T15:03:28.220Z [INFO] ═══════════════════════════════════════════════════════
2026-05-26T15:03:28.221Z [INFO] 🔐 Validando acesso ao GitHub...
2026-05-26T15:03:28.837Z [INFO] GitHub conectado: panda12332145/cyber-wiki-content@main
2026-05-26T15:03:28.840Z [INFO] 🏗️ Criando aplicação Express...
2026-05-26T15:03:28.863Z [INFO] 📅 Inicializando jobs agendados...
2026-05-26T15:03:28.864Z [INFO] 🔧 Inicializando jobs agendados...
2026-05-26T15:03:28.871Z [INFO] 📅 Job de sincronização agendado: 0 */24 * * *
2026-05-26T15:03:28.873Z [INFO] ✅ 3 jobs agendados com sucesso
2026-05-26T15:03:28.874Z [INFO] 📦 Executando sincronização inicial...
2026-05-26T15:03:28.899Z [INFO] Iniciando sincronizacao completa
2026-05-26T15:03:35.452Z [INFO] Cache limpo completamente
2026-05-26T15:03:35.486Z [INFO] Sincronizacao success: 17 arquivos em 6575ms
{
  "added": 0,
  "modified": 14,
  "deleted": 0,
  "errors": 0
}
2026-05-26T15:03:35.487Z [INFO] ✅ Sincronização inicial concluída
{
  "filesProcessed": 17,
  "status": "success"
}
2026-05-26T15:03:35.487Z [INFO] 🚀 Iniciando servidor HTTP...
2026-05-26T15:03:35.492Z [INFO] 🚀 Servidor iniciado em porta 3001
2026-05-26T15:03:35.492Z [INFO] 🔗 API disponível em http://localhost:3001/api/wiki
2026-05-26T15:03:35.493Z [INFO] 📊 Health check: http://localhost:3001/health
2026-05-26T15:03:35.493Z [INFO] ✅ Wiki Backend está pronto e operacional
2026-05-26T15:12:41.862Z [INFO] ⏹️ SIGINT recebido, encerrando...
2026-05-26T15:13:19.298Z [INFO] ═══════════════════════════════════════════════════════
2026-05-26T15:13:19.302Z [INFO] 🎯 WIKI BACKEND - Sistema Dinâmico Alimentado por GitHub
2026-05-26T15:13:19.302Z [INFO] ═══════════════════════════════════════════════════════
2026-05-26T15:13:19.302Z [INFO] 🔐 Validando acesso ao GitHub...
2026-05-26T15:13:20.117Z [INFO] GitHub conectado: panda12332145/cyber-wiki-content@main
2026-05-26T15:13:20.118Z [INFO] 🏗️ Criando aplicação Express...
2026-05-26T15:13:20.141Z [INFO] 📅 Inicializando jobs agendados...
2026-05-26T15:13:20.142Z [INFO] 🔧 Inicializando jobs agendados...
2026-05-26T15:13:20.148Z [INFO] 📅 Job de sincronização agendado: 0 */24 * * *
2026-05-26T15:13:20.149Z [INFO] ✅ 3 jobs agendados com sucesso
2026-05-26T15:13:20.149Z [INFO] 📦 Executando sincronização inicial...
2026-05-26T15:13:20.177Z [INFO] Iniciando sincronizacao completa
2026-05-26T15:13:22.886Z [INFO] Cache limpo completamente
2026-05-26T15:13:22.900Z [INFO] Sincronizacao success: 17 arquivos em 2735ms
{
  "added": 0,
  "modified": 14,
  "deleted": 0,
  "errors": 0
}
2026-05-26T15:13:22.900Z [INFO] ✅ Sincronização inicial concluída
{
  "filesProcessed": 17,
  "status": "success"
}
2026-05-26T15:13:22.901Z [INFO] 🚀 Iniciando servidor HTTP...
2026-05-26T15:13:22.904Z [INFO] 🚀 Servidor iniciado em porta 3001
2026-05-26T15:13:22.904Z [INFO] 🔗 API disponível em http://localhost:3001/api/wiki
2026-05-26T15:13:22.904Z [INFO] 📊 Health check: http://localhost:3001/health
2026-05-26T15:13:22.904Z [INFO] ✅ Wiki Backend está pronto e operacional
2026-05-26T17:39:52.861Z [INFO] ⏹️ SIGINT recebido, encerrando...
2026-05-26T17:40:22.586Z [INFO] ═══════════════════════════════════════════════════════
2026-05-26T17:40:22.591Z [INFO] 🎯 WIKI BACKEND - Sistema Dinâmico Alimentado por GitHub
2026-05-26T17:40:22.595Z [INFO] ═══════════════════════════════════════════════════════
2026-05-26T17:40:22.595Z [INFO] 🔐 Validando acesso ao GitHub...
2026-05-26T17:40:23.177Z [INFO] GitHub conectado: panda12332145/cyber-wiki-content@main
2026-05-26T17:40:23.181Z [INFO] 🏗️ Criando aplicação Express...
2026-05-26T17:40:23.198Z [INFO] 📅 Inicializando jobs agendados...
2026-05-26T17:40:23.200Z [INFO] 🔧 Inicializando jobs agendados...
2026-05-26T17:40:23.204Z [INFO] 📅 Job de sincronização agendado: 0 */24 * * *
2026-05-26T17:40:23.208Z [INFO] ✅ 3 jobs agendados com sucesso
2026-05-26T17:40:23.209Z [INFO] 📦 Executando sincronização inicial...
2026-05-26T17:40:23.310Z [INFO] Iniciando sincronizacao completa
2026-05-26T17:40:25.883Z [INFO] Cache limpo completamente
2026-05-26T17:40:25.919Z [INFO] Sincronizacao success: 17 arquivos em 2681ms
{
  "added": 0,
  "modified": 14,
  "deleted": 0,
  "errors": 0
}
2026-05-26T17:40:25.921Z [INFO] ✅ Sincronização inicial concluída
{
  "filesProcessed": 17,
  "status": "success"
}
2026-05-26T17:40:25.923Z [INFO] 🚀 Iniciando servidor HTTP...
2026-05-26T17:40:25.938Z [INFO] 🚀 Servidor iniciado em porta 3001
2026-05-26T17:40:25.941Z [INFO] 🔗 API disponível em http://localhost:3001/api/wiki
2026-05-26T17:40:25.943Z [INFO] 📊 Health check: http://localhost:3001/health
2026-05-26T17:40:25.945Z [INFO] ✅ Wiki Backend está pronto e operacional
2026-05-26T17:54:31.482Z [INFO] ⏹️ SIGINT recebido, encerrando...
2026-05-26T17:55:03.286Z [INFO] ═══════════════════════════════════════════════════════
2026-05-26T17:55:03.298Z [INFO] 🎯 WIKI BACKEND - Sistema Dinâmico Alimentado por GitHub
2026-05-26T17:55:03.305Z [INFO] ═══════════════════════════════════════════════════════
2026-05-26T17:55:03.309Z [INFO] 🔐 Validando acesso ao GitHub...
2026-05-26T17:55:03.953Z [INFO] GitHub conectado: panda12332145/cyber-wiki-content@main
2026-05-26T17:55:03.957Z [INFO] 🏗️ Criando aplicação Express...
2026-05-26T17:55:03.965Z [INFO] 📅 Inicializando jobs agendados...
2026-05-26T17:55:03.969Z [INFO] 🔧 Inicializando jobs agendados...
2026-05-26T17:55:03.976Z [INFO] 📅 Job de sincronização agendado: 0 */24 * * *
2026-05-26T17:55:03.978Z [INFO] ✅ 3 jobs agendados com sucesso
2026-05-26T17:55:03.978Z [INFO] 📦 Executando sincronização inicial...
2026-05-26T17:55:04.008Z [INFO] Iniciando sincronizacao completa
2026-05-26T17:55:06.423Z [INFO] Cache limpo completamente
2026-05-26T17:55:06.431Z [INFO] Sincronizacao success: 17 arquivos em 2443ms
{
  "added": 0,
  "modified": 14,
  "deleted": 0,
  "errors": 0
}
2026-05-26T17:55:06.431Z [INFO] ✅ Sincronização inicial concluída
{
  "filesProcessed": 17,
  "status": "success"
}
2026-05-26T17:55:06.431Z [INFO] 🚀 Iniciando servidor HTTP...
2026-05-26T17:55:06.434Z [INFO] 🚀 Servidor iniciado em porta 3001
2026-05-26T17:55:06.434Z [INFO] 🔗 API disponível em http://localhost:3001/api/wiki
2026-05-26T17:55:06.434Z [INFO] 📊 Health check: http://localhost:3001/health
2026-05-26T17:55:06.434Z [INFO] ✅ Wiki Backend está pronto e operacional
2026-05-26T17:56:28.195Z [INFO] 🔄 Sincronização manual acionada
{
  "full": false
}
2026-05-26T17:56:28.224Z [INFO] Iniciando sincronizacao incremental
2026-05-26T17:56:34.170Z [INFO] Cache limpo completamente
2026-05-26T17:56:34.223Z [INFO] Sincronizacao success: 17 arquivos em 5978ms
{
  "added": 0,
  "modified": 0,
  "deleted": 0,
  "errors": 0
}
2026-05-26T18:05:31.122Z [INFO] 🔄 Sincronização manual acionada
{
  "full": false
}
2026-05-26T18:05:32.620Z [INFO] Iniciando sincronizacao incremental
2026-05-26T18:05:35.534Z [INFO] Cache limpo completamente
2026-05-26T18:05:35.543Z [INFO] Sincronizacao success: 17 arquivos em 4331ms
{
  "added": 0,
  "modified": 0,
  "deleted": 0,
  "errors": 0
}
2026-05-26T18:06:14.086Z [INFO] ⏹️ SIGINT recebido, encerrando...
2026-05-26T18:06:59.785Z [INFO] ═══════════════════════════════════════════════════════
2026-05-26T18:06:59.788Z [INFO] 🎯 WIKI BACKEND - Sistema Dinâmico Alimentado por GitHub
2026-05-26T18:06:59.789Z [INFO] ═══════════════════════════════════════════════════════
2026-05-26T18:06:59.789Z [INFO] 🔐 Validando acesso ao GitHub...
2026-05-26T18:07:00.324Z [INFO] GitHub conectado: panda12332145/cyber-wiki-content@main
2026-05-26T18:07:00.325Z [INFO] 🏗️ Criando aplicação Express...
2026-05-26T18:07:00.334Z [INFO] 📅 Inicializando jobs agendados...
2026-05-26T18:07:00.334Z [INFO] 🔧 Inicializando jobs agendados...
2026-05-26T18:07:00.339Z [INFO] 📅 Job de sincronização agendado: 0 */24 * * *
2026-05-26T18:07:00.340Z [INFO] ✅ 3 jobs agendados com sucesso
2026-05-26T18:07:00.340Z [INFO] 📦 Executando sincronização inicial...
2026-05-26T18:07:00.420Z [INFO] Iniciando sincronizacao completa
2026-05-26T18:07:02.733Z [INFO] Cache limpo completamente
2026-05-26T18:07:02.741Z [INFO] Sincronizacao success: 17 arquivos em 2392ms
{
  "added": 0,
  "modified": 14,
  "deleted": 0,
  "errors": 0
}
2026-05-26T18:07:02.741Z [INFO] ✅ Sincronização inicial concluída
{
  "filesProcessed": 17,
  "status": "success"
}
2026-05-26T18:07:02.741Z [INFO] 🚀 Iniciando servidor HTTP...
2026-05-26T18:07:02.750Z [INFO] 🚀 Servidor iniciado em porta 3001
2026-05-26T18:07:02.750Z [INFO] 🔗 API disponível em http://localhost:3001/api/wiki
2026-05-26T18:07:02.750Z [INFO] 📊 Health check: http://localhost:3001/health
2026-05-26T18:07:02.751Z [INFO] ✅ Wiki Backend está pronto e operacional
2026-05-26T18:17:23.129Z [INFO] ⏹️ SIGINT recebido, encerrando...
2026-05-26T18:17:44.008Z [INFO] ═══════════════════════════════════════════════════════
2026-05-26T18:17:44.012Z [INFO] 🎯 WIKI BACKEND - Sistema Dinâmico Alimentado por GitHub
2026-05-26T18:17:44.012Z [INFO] ═══════════════════════════════════════════════════════
2026-05-26T18:17:44.013Z [INFO] 🔐 Validando acesso ao GitHub...
2026-05-26T18:17:44.487Z [INFO] GitHub conectado: panda12332145/cyber-wiki-content@main
2026-05-26T18:17:44.488Z [INFO] 🏗️ Criando aplicação Express...
2026-05-26T18:17:44.497Z [INFO] 📅 Inicializando jobs agendados...
2026-05-26T18:17:44.498Z [INFO] 🔧 Inicializando jobs agendados...
2026-05-26T18:17:44.504Z [INFO] 📅 Job de sincronização agendado: 0 */24 * * *
2026-05-26T18:17:44.505Z [INFO] ✅ 3 jobs agendados com sucesso
2026-05-26T18:17:44.505Z [INFO] 📦 Executando sincronização inicial...
2026-05-26T18:17:44.535Z [INFO] Iniciando sincronizacao completa
2026-05-26T18:17:46.531Z [INFO] Cache limpo completamente
2026-05-26T18:17:46.537Z [INFO] Sincronizacao success: 17 arquivos em 2024ms
{
  "added": 0,
  "modified": 14,
  "deleted": 0,
  "errors": 0
}
2026-05-26T18:17:46.537Z [INFO] ✅ Sincronização inicial concluída
{
  "filesProcessed": 17,
  "status": "success"
}
2026-05-26T18:17:46.538Z [INFO] 🚀 Iniciando servidor HTTP...
2026-05-26T18:17:46.541Z [INFO] 🚀 Servidor iniciado em porta 3001
2026-05-26T18:17:46.543Z [INFO] 🔗 API disponível em http://localhost:3001/api/wiki
2026-05-26T18:17:46.544Z [INFO] 📊 Health check: http://localhost:3001/health
2026-05-26T18:17:46.544Z [INFO] ✅ Wiki Backend está pronto e operacional
2026-05-26T18:23:53.386Z [INFO] ⏹️ SIGINT recebido, encerrando...
2026-05-26T18:37:39.054Z [INFO] ═══════════════════════════════════════════════════════
2026-05-26T18:37:39.056Z [INFO] 🎯 WIKI BACKEND - Sistema Dinâmico Alimentado por GitHub
2026-05-26T18:37:39.057Z [INFO] ═══════════════════════════════════════════════════════
2026-05-26T18:37:39.057Z [INFO] 🔐 Validando acesso ao GitHub...
2026-05-26T18:37:39.525Z [INFO] GitHub conectado: panda12332145/cyber-wiki-content@main
2026-05-26T18:37:39.559Z [INFO] 🏗️ Criando aplicação Express...
2026-05-26T18:37:39.577Z [INFO] 📅 Inicializando jobs agendados...
2026-05-26T18:37:39.577Z [INFO] 🔧 Inicializando jobs agendados...
2026-05-26T18:37:39.584Z [INFO] 📅 Job de sincronização agendado: 0 */24 * * *
2026-05-26T18:37:39.585Z [INFO] ✅ 3 jobs agendados com sucesso
2026-05-26T18:37:39.586Z [INFO] 📦 Executando sincronização inicial...
2026-05-26T18:37:39.660Z [INFO] Iniciando sincronizacao completa
2026-05-26T18:37:42.240Z [INFO] Cache limpo completamente
2026-05-26T18:37:42.254Z [INFO] Sincronizacao success: 17 arquivos em 2654ms
{
  "added": 0,
  "modified": 14,
  "deleted": 0,
  "errors": 0
}
2026-05-26T18:37:42.254Z [INFO] ✅ Sincronização inicial concluída
{
  "filesProcessed": 17,
  "status": "success"
}
2026-05-26T18:37:42.255Z [INFO] 🚀 Iniciando servidor HTTP...
2026-05-26T18:37:42.262Z [INFO] 🚀 Servidor iniciado em porta 3001
2026-05-26T18:37:42.263Z [INFO] 🔗 API disponível em http://localhost:3001/api/wiki
2026-05-26T18:37:42.265Z [INFO] 📊 Health check: http://localhost:3001/health
2026-05-26T18:37:42.266Z [INFO] ✅ Wiki Backend está pronto e operacional
2026-05-26T19:01:49.508Z [INFO] ⏹️ SIGINT recebido, encerrando...
2026-05-26T19:02:13.638Z [INFO] ═══════════════════════════════════════════════════════
2026-05-26T19:02:13.641Z [INFO] 🎯 WIKI BACKEND - Sistema Dinâmico Alimentado por GitHub
2026-05-26T19:02:13.641Z [INFO] ═══════════════════════════════════════════════════════
2026-05-26T19:02:13.641Z [INFO] 🔐 Validando acesso ao GitHub...
2026-05-26T19:02:14.169Z [INFO] GitHub conectado: panda12332145/cyber-wiki-content@main
2026-05-26T19:02:14.169Z [INFO] 🏗️ Criando aplicação Express...
2026-05-26T19:02:14.176Z [INFO] 📅 Inicializando jobs agendados...
2026-05-26T19:02:14.179Z [INFO] 🔧 Inicializando jobs agendados...
2026-05-26T19:02:14.185Z [INFO] 📅 Job de sincronização agendado: 0 */24 * * *
2026-05-26T19:02:14.186Z [INFO] ✅ 3 jobs agendados com sucesso
2026-05-26T19:02:14.186Z [INFO] 📦 Executando sincronização inicial...
2026-05-26T19:02:14.206Z [INFO] Iniciando sincronizacao completa
2026-05-26T19:02:16.256Z [INFO] Cache limpo completamente
2026-05-26T19:02:16.262Z [INFO] Sincronizacao success: 17 arquivos em 2068ms
{
  "added": 0,
  "modified": 14,
  "deleted": 0,
  "errors": 0
}
2026-05-26T19:02:16.263Z [INFO] ✅ Sincronização inicial concluída
{
  "filesProcessed": 17,
  "status": "success"
}
2026-05-26T19:02:16.263Z [INFO] 🚀 Iniciando servidor HTTP...
2026-05-26T19:02:16.267Z [INFO] 🚀 Servidor iniciado em porta 3001
2026-05-26T19:02:16.268Z [INFO] 🔗 API disponível em http://localhost:3001/api/wiki
2026-05-26T19:02:16.268Z [INFO] 📊 Health check: http://localhost:3001/health
2026-05-26T19:02:16.268Z [INFO] ✅ Wiki Backend está pronto e operacional
2026-05-26T19:03:39.688Z [INFO] ⏹️ SIGINT recebido, encerrando...
2026-05-26T19:12:12.289Z [INFO] ═══════════════════════════════════════════════════════
2026-05-26T19:12:12.293Z [INFO] 🎯 WIKI BACKEND - Sistema Dinâmico Alimentado por GitHub
2026-05-26T19:12:12.294Z [INFO] ═══════════════════════════════════════════════════════
2026-05-26T19:12:12.294Z [INFO] 🔐 Validando acesso ao GitHub...
2026-05-26T19:12:12.854Z [INFO] GitHub conectado: panda12332145/cyber-wiki-content@main
2026-05-26T19:12:12.876Z [INFO] 🏗️ Criando aplicação Express...
2026-05-26T19:12:12.890Z [INFO] 📅 Inicializando jobs agendados...
2026-05-26T19:12:12.891Z [INFO] 🔧 Inicializando jobs agendados...
2026-05-26T19:12:12.902Z [INFO] 📅 Job de sincronização agendado: 0 */24 * * *
2026-05-26T19:12:12.909Z [INFO] ✅ 3 jobs agendados com sucesso
2026-05-26T19:12:12.909Z [INFO] 📦 Executando sincronização inicial...
2026-05-26T19:12:12.934Z [INFO] Iniciando sincronizacao completa
2026-05-26T19:12:15.041Z [INFO] Cache limpo completamente
2026-05-26T19:12:15.049Z [INFO] Sincronizacao success: 17 arquivos em 2131ms
{
  "added": 0,
  "modified": 14,
  "deleted": 0,
  "errors": 0
}
2026-05-26T19:12:15.053Z [INFO] ✅ Sincronização inicial concluída
{
  "filesProcessed": 17,
  "status": "success"
}
2026-05-26T19:12:15.056Z [INFO] 🚀 Iniciando servidor HTTP...
2026-05-26T19:12:15.061Z [INFO] 🚀 Servidor iniciado em porta 3001
2026-05-26T19:12:15.064Z [INFO] 🔗 API disponível em http://localhost:3001/api/wiki
2026-05-26T19:12:15.065Z [INFO] 📊 Health check: http://localhost:3001/health
2026-05-26T19:12:15.065Z [INFO] ✅ Wiki Backend está pronto e operacional
2026-05-26T19:16:40.553Z [INFO] 🔄 Sincronização manual acionada
{
  "full": false
}
2026-05-26T19:16:40.700Z [INFO] Iniciando sincronizacao incremental
2026-05-26T19:16:47.659Z [INFO] Cache limpo completamente
2026-05-26T19:16:47.752Z [INFO] Sincronizacao success: 17 arquivos em 7044ms
{
  "added": 0,
  "modified": 0,
  "deleted": 0,
  "errors": 0
}
2026-05-26T19:17:53.072Z [INFO] 🔄 Sincronização manual acionada
{
  "full": false
}
2026-05-26T19:17:53.232Z [INFO] Iniciando sincronizacao incremental
2026-05-26T19:17:55.648Z [INFO] Cache limpo completamente
2026-05-26T19:17:56.737Z [INFO] Sincronizacao success: 17 arquivos em 3243ms
{
  "added": 0,
  "modified": 0,
  "deleted": 0,
  "errors": 0
}
2026-05-26T19:18:17.237Z [INFO] ⏹️ SIGINT recebido, encerrando...
2026-05-26T19:18:58.253Z [INFO] ═══════════════════════════════════════════════════════
2026-05-26T19:18:58.259Z [INFO] 🎯 WIKI BACKEND - Sistema Dinâmico Alimentado por GitHub
2026-05-26T19:18:58.260Z [INFO] ═══════════════════════════════════════════════════════
2026-05-26T19:18:58.261Z [INFO] 🔐 Validando acesso ao GitHub...
2026-05-26T19:18:58.852Z [INFO] GitHub conectado: panda12332145/cyber-wiki-content@main
2026-05-26T19:18:58.852Z [INFO] 🏗️ Criando aplicação Express...
2026-05-26T19:18:58.862Z [INFO] 📅 Inicializando jobs agendados...
2026-05-26T19:18:58.863Z [INFO] 🔧 Inicializando jobs agendados...
2026-05-26T19:18:58.871Z [INFO] 📅 Job de sincronização agendado: 0 */24 * * *
2026-05-26T19:18:58.872Z [INFO] ✅ 3 jobs agendados com sucesso
2026-05-26T19:18:58.872Z [INFO] 📦 Executando sincronização inicial...
2026-05-26T19:18:58.960Z [INFO] Iniciando sincronizacao completa
2026-05-26T19:19:02.066Z [INFO] Cache limpo completamente
2026-05-26T19:19:02.076Z [INFO] Sincronizacao success: 17 arquivos em 3192ms
{
  "added": 0,
  "modified": 14,
  "deleted": 0,
  "errors": 0
}
2026-05-26T19:19:02.077Z [INFO] ✅ Sincronização inicial concluída
{
  "filesProcessed": 17,
  "status": "success"
}
2026-05-26T19:19:02.077Z [INFO] 🚀 Iniciando servidor HTTP...
2026-05-26T19:19:02.083Z [INFO] 🚀 Servidor iniciado em porta 3001
2026-05-26T19:19:02.084Z [INFO] 🔗 API disponível em http://localhost:3001/api/wiki
2026-05-26T19:19:02.084Z [INFO] 📊 Health check: http://localhost:3001/health
2026-05-26T19:19:02.084Z [INFO] ✅ Wiki Backend está pronto e operacional
2026-05-26T19:23:52.316Z [INFO] ⏹️ SIGINT recebido, encerrando...
2026-05-26T20:07:33.643Z [INFO] ═══════════════════════════════════════════════════════
2026-05-26T20:07:33.651Z [INFO] 🎯 WIKI BACKEND - Sistema Dinâmico Alimentado por GitHub
2026-05-26T20:07:33.658Z [INFO] ═══════════════════════════════════════════════════════
2026-05-26T20:07:33.659Z [INFO] 🔐 Validando acesso ao GitHub...
2026-05-26T20:07:34.294Z [INFO] GitHub conectado: panda12332145/cyber-wiki-content@main
2026-05-26T20:07:34.294Z [INFO] 🏗️ Criando aplicação Express...
2026-05-26T20:07:34.308Z [INFO] 📅 Inicializando jobs agendados...
2026-05-26T20:07:34.309Z [INFO] 🔧 Inicializando jobs agendados...
2026-05-26T20:07:34.314Z [INFO] 📅 Job de sincronização agendado: 0 */24 * * *
2026-05-26T20:07:34.315Z [INFO] ✅ 3 jobs agendados com sucesso
2026-05-26T20:07:34.316Z [INFO] 📦 Executando sincronização inicial...
2026-05-26T20:07:34.399Z [INFO] Iniciando sincronizacao completa
2026-05-26T20:07:36.813Z [INFO] Cache limpo completamente
2026-05-26T20:07:36.819Z [INFO] Sincronizacao success: 17 arquivos em 2495ms
{
  "added": 0,
  "modified": 14,
  "deleted": 0,
  "errors": 0
}
2026-05-26T20:07:36.820Z [INFO] ✅ Sincronização inicial concluída
{
  "filesProcessed": 17,
  "status": "success"
}
2026-05-26T20:07:36.820Z [INFO] 🚀 Iniciando servidor HTTP...
2026-05-26T20:07:36.827Z [INFO] 🚀 Servidor iniciado em porta 3001
2026-05-26T20:07:36.827Z [INFO] 🔗 API disponível em http://localhost:3001/api/wiki
2026-05-26T20:07:36.827Z [INFO] 📊 Health check: http://localhost:3001/health
2026-05-26T20:07:36.827Z [INFO] ✅ Wiki Backend está pronto e operacional
2026-05-26T20:13:33.033Z [INFO] ⏹️ SIGINT recebido, encerrando...
2026-05-27T02:16:34.730Z [INFO] ═══════════════════════════════════════════════════════
2026-05-27T02:16:34.741Z [INFO] 🎯 WIKI BACKEND - Sistema Dinâmico Alimentado por GitHub
2026-05-27T02:16:34.741Z [INFO] ═══════════════════════════════════════════════════════
2026-05-27T02:16:34.741Z [INFO] 🔐 Validando acesso ao GitHub...
2026-05-27T02:16:35.333Z [INFO] GitHub conectado: panda12332145/cyber-wiki-content@main
2026-05-27T02:16:35.346Z [INFO] 🏗️ Criando aplicação Express...
2026-05-27T02:16:35.357Z [INFO] 📅 Inicializando jobs agendados...
2026-05-27T02:16:35.357Z [INFO] 🔧 Inicializando jobs agendados...
2026-05-27T02:16:35.363Z [INFO] 📅 Job de sincronização agendado: 0 */24 * * *
2026-05-27T02:16:35.364Z [INFO] ✅ 3 jobs agendados com sucesso
2026-05-27T02:16:35.364Z [INFO] 📦 Executando sincronização inicial...
2026-05-27T02:16:35.490Z [INFO] Iniciando sincronizacao completa
2026-05-27T02:16:43.103Z [INFO] Cache limpo completamente
2026-05-27T02:16:43.121Z [INFO] Sincronizacao success: 17 arquivos em 7750ms
{
  "added": 0,
  "modified": 14,
  "deleted": 0,
  "errors": 0
}
2026-05-27T02:16:43.129Z [INFO] ✅ Sincronização inicial concluída
{
  "filesProcessed": 17,
  "status": "success"
}
2026-05-27T02:16:43.130Z [INFO] 🚀 Iniciando servidor HTTP...
2026-05-27T02:16:43.138Z [INFO] 🚀 Servidor iniciado em porta 3001
2026-05-27T02:16:43.140Z [INFO] 🔗 API disponível em http://localhost:3001/api/wiki
2026-05-27T02:16:43.152Z [INFO] 📊 Health check: http://localhost:3001/health
2026-05-27T02:16:43.153Z [INFO] ✅ Wiki Backend está pronto e operacional
2026-05-27T03:13:44.303Z [INFO] ═══════════════════════════════════════════════════════
2026-05-27T03:13:44.309Z [INFO] 🎯 WIKI BACKEND - Sistema Dinâmico Alimentado por GitHub
2026-05-27T03:13:44.309Z [INFO] ═══════════════════════════════════════════════════════
2026-05-27T03:13:44.309Z [INFO] 🔐 Validando acesso ao GitHub...
2026-05-27T03:13:44.852Z [INFO] GitHub conectado: panda12332145/cyber-wiki-content@main
2026-05-27T03:13:44.856Z [INFO] 🏗️ Criando aplicação Express...
2026-05-27T03:13:44.864Z [INFO] 📅 Inicializando jobs agendados...
2026-05-27T03:13:44.864Z [INFO] 🔧 Inicializando jobs agendados...
2026-05-27T03:13:44.873Z [INFO] 📅 Job de sincronização agendado: 0 */24 * * *
2026-05-27T03:13:44.875Z [INFO] ✅ 3 jobs agendados com sucesso
2026-05-27T03:13:44.875Z [INFO] 📦 Executando sincronização inicial...
2026-05-27T03:13:44.899Z [INFO] Iniciando sincronizacao completa
2026-05-27T03:13:47.296Z [INFO] Cache limpo completamente
2026-05-27T03:13:47.302Z [INFO] Sincronizacao success: 17 arquivos em 2419ms
{
  "added": 0,
  "modified": 14,
  "deleted": 0,
  "errors": 0
}
2026-05-27T03:13:47.302Z [INFO] ✅ Sincronização inicial concluída
{
  "filesProcessed": 17,
  "status": "success"
}
2026-05-27T03:13:47.307Z [INFO] 🚀 Iniciando servidor HTTP...
2026-05-27T03:13:47.313Z [INFO] 🚀 Servidor iniciado em porta 3001
2026-05-27T03:13:47.313Z [INFO] 🔗 API disponível em http://localhost:3001/api/wiki
2026-05-27T03:13:47.313Z [INFO] 📊 Health check: http://localhost:3001/health
2026-05-27T03:13:47.314Z [INFO] ✅ Wiki Backend está pronto e operacional
2026-05-27T03:27:23.716Z [INFO] ⏹️ SIGINT recebido, encerrando...
2026-05-27T03:33:44.295Z [INFO] ═══════════════════════════════════════════════════════
2026-05-27T03:33:44.303Z [INFO] 🎯 WIKI BACKEND - Sistema Dinâmico Alimentado por GitHub
2026-05-27T03:33:44.304Z [INFO] ═══════════════════════════════════════════════════════
2026-05-27T03:33:44.304Z [INFO] 🔐 Validando acesso ao GitHub...
2026-05-27T03:33:44.947Z [INFO] GitHub conectado: panda12332145/cyber-wiki-content@main
2026-05-27T03:33:44.959Z [INFO] 🏗️ Criando aplicação Express...
2026-05-27T03:33:45.051Z [INFO] 📅 Inicializando jobs agendados...
2026-05-27T03:33:45.051Z [INFO] 🔧 Inicializando jobs agendados...
2026-05-27T03:33:45.058Z [INFO] 📅 Job de sincronização agendado: 0 */24 * * *
2026-05-27T03:33:45.060Z [INFO] ✅ 3 jobs agendados com sucesso
2026-05-27T03:33:45.061Z [INFO] 📦 Executando sincronização inicial...
2026-05-27T03:33:45.159Z [INFO] Iniciando sincronizacao completa
2026-05-27T03:33:48.444Z [INFO] Cache limpo completamente
2026-05-27T03:33:48.455Z [INFO] Sincronizacao success: 17 arquivos em 3384ms
{
  "added": 0,
  "modified": 14,
  "deleted": 0,
  "errors": 0
}
2026-05-27T03:33:48.456Z [INFO] ✅ Sincronização inicial concluída
{
  "filesProcessed": 17,
  "status": "success"
}
2026-05-27T03:33:48.457Z [INFO] 🚀 Iniciando servidor HTTP...
2026-05-27T03:33:48.462Z [INFO] 🚀 Servidor iniciado em porta 3001
2026-05-27T03:33:48.462Z [INFO] 🔗 API disponível em http://localhost:3001/api/wiki
2026-05-27T03:33:48.462Z [INFO] 📊 Health check: http://localhost:3001/health
2026-05-27T03:33:48.462Z [INFO] ✅ Wiki Backend está pronto e operacional
2026-05-27T03:41:42.680Z [INFO] 🔄 Sincronização manual acionada
{
  "full": false
}
2026-05-27T03:41:42.721Z [INFO] Iniciando sincronizacao incremental
2026-05-27T03:41:47.042Z [INFO] Cache limpo completamente
2026-05-27T03:41:47.057Z [INFO] Sincronizacao success: 17 arquivos em 4358ms
{
  "added": 0,
  "modified": 0,
  "deleted": 0,
  "errors": 0
}
2026-05-27T03:42:21.724Z [INFO] 🔄 Sincronização manual acionada
{
  "full": false
}
2026-05-27T03:42:22.021Z [INFO] Iniciando sincronizacao incremental
2026-05-27T03:42:24.575Z [INFO] Cache limpo completamente
2026-05-27T03:42:24.610Z [INFO] Sincronizacao success: 17 arquivos em 2855ms
{
  "added": 0,
  "modified": 0,
  "deleted": 0,
  "errors": 0
}
2026-05-27T03:42:35.281Z [INFO] ⏹️ SIGINT recebido, encerrando...
2026-05-27T03:43:38.066Z [INFO] ═══════════════════════════════════════════════════════
2026-05-27T03:43:38.090Z [INFO] 🎯 WIKI BACKEND - Sistema Dinâmico Alimentado por GitHub
2026-05-27T03:43:38.090Z [INFO] ═══════════════════════════════════════════════════════
2026-05-27T03:43:38.091Z [INFO] 🔐 Validando acesso ao GitHub...
2026-05-27T03:43:39.211Z [INFO] GitHub conectado: panda12332145/cyber-wiki-content@main
2026-05-27T03:43:39.227Z [INFO] 🏗️ Criando aplicação Express...
2026-05-27T03:43:39.292Z [INFO] 📅 Inicializando jobs agendados...
2026-05-27T03:43:39.297Z [INFO] 🔧 Inicializando jobs agendados...
2026-05-27T03:43:39.340Z [INFO] 📅 Job de sincronização agendado: 0 */24 * * *
2026-05-27T03:43:39.359Z [INFO] ✅ 3 jobs agendados com sucesso
2026-05-27T03:43:39.412Z [INFO] 📦 Executando sincronização inicial...
2026-05-27T03:43:39.510Z [INFO] Iniciando sincronizacao completa
2026-05-27T03:43:46.029Z [INFO] Cache limpo completamente
2026-05-27T03:43:46.043Z [INFO] Sincronizacao success: 17 arquivos em 6600ms
{
  "added": 0,
  "modified": 14,
  "deleted": 0,
  "errors": 0
}
2026-05-27T03:43:46.048Z [INFO] ✅ Sincronização inicial concluída
{
  "filesProcessed": 17,
  "status": "success"
}
2026-05-27T03:43:46.048Z [INFO] 🚀 Iniciando servidor HTTP...
2026-05-27T03:43:46.067Z [INFO] 🚀 Servidor iniciado em porta 3001
2026-05-27T03:43:46.068Z [INFO] 🔗 API disponível em http://localhost:3001/api/wiki
2026-05-27T03:43:46.068Z [INFO] 📊 Health check: http://localhost:3001/health
2026-05-27T03:43:46.069Z [INFO] ✅ Wiki Backend está pronto e operacional
2026-05-27T03:45:00.003Z [INFO] 🔄 Sincronização manual acionada
{
  "full": false
}
2026-05-27T03:45:00.238Z [INFO] Iniciando sincronizacao incremental
2026-05-27T03:45:03.201Z [INFO] Cache limpo completamente
2026-05-27T03:45:03.322Z [INFO] Sincronizacao success: 17 arquivos em 3212ms
{
  "added": 0,
  "modified": 0,
  "deleted": 0,
  "errors": 0
}
2026-05-27T03:47:11.392Z [INFO] 🔄 Sincronização manual acionada
{
  "full": false
}
2026-05-27T03:47:12.004Z [INFO] Iniciando sincronizacao incremental
2026-05-27T03:47:14.074Z [INFO] Cache limpo completamente
2026-05-27T03:47:14.235Z [INFO] Sincronizacao success: 17 arquivos em 2724ms
{
  "added": 0,
  "modified": 0,
  "deleted": 0,
  "errors": 0
}
2026-05-27T03:48:39.818Z [INFO] ⏹️ SIGINT recebido, encerrando...
2026-05-27T03:49:54.730Z [INFO] ═══════════════════════════════════════════════════════
2026-05-27T03:49:54.746Z [INFO] 🎯 WIKI BACKEND - Sistema Dinâmico Alimentado por GitHub
2026-05-27T03:49:54.747Z [INFO] ═══════════════════════════════════════════════════════
2026-05-27T03:49:54.748Z [INFO] 🔐 Validando acesso ao GitHub...
2026-05-27T03:49:55.659Z [INFO] GitHub conectado: panda12332145/cyber-wiki-content@main
2026-05-27T03:49:55.663Z [INFO] 🏗️ Criando aplicação Express...
2026-05-27T03:49:55.695Z [INFO] 📅 Inicializando jobs agendados...
2026-05-27T03:49:55.696Z [INFO] 🔧 Inicializando jobs agendados...
2026-05-27T03:49:55.715Z [INFO] 📅 Job de sincronização agendado: 0 */24 * * *
2026-05-27T03:49:55.719Z [INFO] ✅ 3 jobs agendados com sucesso
2026-05-27T03:49:55.726Z [INFO] 📦 Executando sincronização inicial...
2026-05-27T03:49:55.869Z [INFO] Iniciando sincronizacao completa
2026-05-27T03:50:01.722Z [INFO] Cache limpo completamente
2026-05-27T03:50:01.738Z [INFO] Sincronizacao success: 17 arquivos em 5991ms
{
  "added": 0,
  "modified": 14,
  "deleted": 0,
  "errors": 0
}
2026-05-27T03:50:01.740Z [INFO] ✅ Sincronização inicial concluída
{
  "filesProcessed": 17,
  "status": "success"
}
2026-05-27T03:50:01.740Z [INFO] 🚀 Iniciando servidor HTTP...
2026-05-27T03:50:01.754Z [INFO] 🚀 Servidor iniciado em porta 3001
2026-05-27T03:50:01.754Z [INFO] 🔗 API disponível em http://localhost:3001/api/wiki
2026-05-27T03:50:01.755Z [INFO] 📊 Health check: http://localhost:3001/health
2026-05-27T03:50:01.755Z [INFO] ✅ Wiki Backend está pronto e operacional
2026-05-27T03:56:59.134Z [INFO] ⏹️ SIGINT recebido, encerrando...
2026-05-27T03:57:29.778Z [INFO] ═══════════════════════════════════════════════════════
2026-05-27T03:57:29.784Z [INFO] 🎯 WIKI BACKEND - Sistema Dinâmico Alimentado por GitHub
2026-05-27T03:57:29.784Z [INFO] ═══════════════════════════════════════════════════════
2026-05-27T03:57:29.784Z [INFO] 🔐 Validando acesso ao GitHub...
2026-05-27T03:57:30.280Z [INFO] GitHub conectado: panda12332145/cyber-wiki-content@main
2026-05-27T03:57:30.282Z [INFO] 🏗️ Criando aplicação Express...
2026-05-27T03:57:30.290Z [INFO] 📅 Inicializando jobs agendados...
2026-05-27T03:57:30.290Z [INFO] 🔧 Inicializando jobs agendados...
2026-05-27T03:57:30.295Z [INFO] 📅 Job de sincronização agendado: 0 */24 * * *
2026-05-27T03:57:30.303Z [INFO] ✅ 3 jobs agendados com sucesso
2026-05-27T03:57:30.304Z [INFO] 📦 Executando sincronização inicial...
2026-05-27T03:57:30.327Z [INFO] Iniciando sincronizacao completa
2026-05-27T03:57:32.959Z [INFO] Cache limpo completamente
2026-05-27T03:57:32.970Z [INFO] Sincronizacao success: 17 arquivos em 2654ms
{
  "added": 0,
  "modified": 14,
  "deleted": 0,
  "errors": 0
}
2026-05-27T03:57:32.971Z [INFO] ✅ Sincronização inicial concluída
{
  "filesProcessed": 17,
  "status": "success"
}
2026-05-27T03:57:32.971Z [INFO] 🚀 Iniciando servidor HTTP...
2026-05-27T03:57:32.975Z [INFO] 🚀 Servidor iniciado em porta 3001
2026-05-27T03:57:32.976Z [INFO] 🔗 API disponível em http://localhost:3001/api/wiki
2026-05-27T03:57:32.976Z [INFO] 📊 Health check: http://localhost:3001/health
2026-05-27T03:57:32.976Z [INFO] ✅ Wiki Backend está pronto e operacional
2026-05-27T03:59:20.169Z [INFO] 🔄 Sincronização manual acionada
{
  "full": false
}
2026-05-27T03:59:20.269Z [INFO] Iniciando sincronizacao incremental
2026-05-27T03:59:25.204Z [INFO] Cache limpo completamente
2026-05-27T03:59:25.254Z [INFO] Sincronizacao success: 17 arquivos em 5049ms
{
  "added": 0,
  "modified": 0,
  "deleted": 0,
  "errors": 0
}
2026-05-27T04:14:40.864Z [INFO] ⏹️ SIGINT recebido, encerrando...
2026-05-27T04:17:09.822Z [INFO] ═══════════════════════════════════════════════════════
2026-05-27T04:17:09.830Z [INFO] 🎯 WIKI BACKEND - Sistema Dinâmico Alimentado por GitHub
2026-05-27T04:17:09.831Z [INFO] ═══════════════════════════════════════════════════════
2026-05-27T04:17:09.831Z [INFO] 🔐 Validando acesso ao GitHub...
2026-05-27T04:17:10.403Z [INFO] GitHub conectado: panda12332145/cyber-wiki-content@main
2026-05-27T04:17:10.412Z [INFO] 🏗️ Criando aplicação Express...
2026-05-27T04:17:10.421Z [INFO] 📅 Inicializando jobs agendados...
2026-05-27T04:17:10.422Z [INFO] 🔧 Inicializando jobs agendados...
2026-05-27T04:17:10.433Z [INFO] 📅 Job de sincronização agendado: 0 */24 * * *
2026-05-27T04:17:10.434Z [INFO] ✅ 3 jobs agendados com sucesso
2026-05-27T04:17:10.435Z [INFO] 📦 Executando sincronização inicial...
2026-05-27T04:17:10.539Z [INFO] Iniciando sincronizacao completa
2026-05-27T04:17:13.340Z [INFO] Cache limpo completamente
2026-05-27T04:17:13.357Z [INFO] Sincronizacao success: 17 arquivos em 2903ms
{
  "added": 0,
  "modified": 14,
  "deleted": 0,
  "errors": 0
}
2026-05-27T04:17:13.365Z [INFO] ✅ Sincronização inicial concluída
{
  "filesProcessed": 17,
  "status": "success"
}
2026-05-27T04:17:13.367Z [INFO] 🚀 Iniciando servidor HTTP...
2026-05-27T04:17:13.373Z [INFO] 🚀 Servidor iniciado em porta 3001
2026-05-27T04:17:13.374Z [INFO] 🔗 API disponível em http://localhost:3001/api/wiki
2026-05-27T04:17:13.374Z [INFO] 📊 Health check: http://localhost:3001/health
2026-05-27T04:17:13.374Z [INFO] ✅ Wiki Backend está pronto e operacional
2026-05-27T13:17:56.522Z [INFO] ⏹️ SIGINT recebido, encerrando...
2026-05-27T13:30:02.285Z [INFO] ═══════════════════════════════════════════════════════
2026-05-27T13:30:02.289Z [INFO] 🎯 WIKI BACKEND - Sistema Dinâmico Alimentado por GitHub
2026-05-27T13:30:02.289Z [INFO] ═══════════════════════════════════════════════════════
2026-05-27T13:30:02.289Z [INFO] 🔐 Validando acesso ao GitHub...
2026-05-27T13:30:02.894Z [INFO] GitHub conectado: panda12332145/cyber-wiki-content@main
2026-05-27T13:30:02.894Z [INFO] 🏗️ Criando aplicação Express...
2026-05-27T13:30:02.913Z [INFO] 📅 Inicializando jobs agendados...
2026-05-27T13:30:02.916Z [INFO] 🔧 Inicializando jobs agendados...
2026-05-27T13:30:02.923Z [INFO] 📅 Job de sincronização agendado: 0 */24 * * *
2026-05-27T13:30:02.933Z [INFO] ✅ 3 jobs agendados com sucesso
2026-05-27T13:30:02.934Z [INFO] 📦 Executando sincronização inicial...
2026-05-27T13:30:02.965Z [INFO] Iniciando sincronizacao completa
2026-05-27T13:30:09.891Z [INFO] Cache limpo completamente
2026-05-27T13:30:09.897Z [INFO] Sincronizacao success: 17 arquivos em 6957ms
{
  "added": 0,
  "modified": 14,
  "deleted": 0,
  "errors": 0
}
2026-05-27T13:30:09.898Z [INFO] ✅ Sincronização inicial concluída
{
  "filesProcessed": 17,
  "status": "success"
}
2026-05-27T13:30:09.898Z [INFO] 🚀 Iniciando servidor HTTP...
2026-05-27T13:30:09.905Z [INFO] 🚀 Servidor iniciado em porta 3001
2026-05-27T13:30:09.905Z [INFO] 🔗 API disponível em http://localhost:3001/api/wiki
2026-05-27T13:30:09.905Z [INFO] 📊 Health check: http://localhost:3001/health
2026-05-27T13:30:09.905Z [INFO] ✅ Wiki Backend está pronto e operacional
2026-05-27T13:38:01.870Z [INFO] ⏹️ SIGINT recebido, encerrando...
2026-05-27T13:38:54.858Z [INFO] ═══════════════════════════════════════════════════════
2026-05-27T13:38:54.866Z [INFO] 🎯 WIKI BACKEND - Sistema Dinâmico Alimentado por GitHub
2026-05-27T13:38:54.867Z [INFO] ═══════════════════════════════════════════════════════
2026-05-27T13:38:54.867Z [INFO] 🔐 Validando acesso ao GitHub...
2026-05-27T13:38:55.646Z [INFO] GitHub conectado: panda12332145/cyber-wiki-content@main
2026-05-27T13:38:55.668Z [INFO] 🏗️ Criando aplicação Express...
2026-05-27T13:38:55.698Z [INFO] 📅 Inicializando jobs agendados...
2026-05-27T13:38:55.716Z [INFO] 🔧 Inicializando jobs agendados...
2026-05-27T13:38:55.731Z [INFO] 📅 Job de sincronização agendado: 0 */24 * * *
2026-05-27T13:38:55.748Z [INFO] ✅ 3 jobs agendados com sucesso
2026-05-27T13:38:55.748Z [INFO] 📦 Executando sincronização inicial...
2026-05-27T13:38:55.846Z [INFO] Iniciando sincronizacao completa
2026-05-27T13:39:00.321Z [INFO] Cache limpo completamente
2026-05-27T13:39:00.333Z [INFO] Sincronizacao success: 17 arquivos em 4561ms
{
  "added": 0,
  "modified": 14,
  "deleted": 0,
  "errors": 0
}
2026-05-27T13:39:00.333Z [INFO] ✅ Sincronização inicial concluída
{
  "filesProcessed": 17,
  "status": "success"
}
2026-05-27T13:39:00.333Z [INFO] 🚀 Iniciando servidor HTTP...
2026-05-27T13:39:00.343Z [INFO] 🚀 Servidor iniciado em porta 3001
2026-05-27T13:39:00.344Z [INFO] 🔗 API disponível em http://localhost:3001/api/wiki
2026-05-27T13:39:00.345Z [INFO] 📊 Health check: http://localhost:3001/health
2026-05-27T13:39:00.346Z [INFO] ✅ Wiki Backend está pronto e operacional
2026-05-27T16:24:20.030Z [INFO] 🔄 Sincronização manual acionada
{
  "full": false
}
2026-05-27T16:24:20.310Z [INFO] Iniciando sincronizacao incremental
2026-05-27T16:24:25.907Z [INFO] Cache limpo completamente
2026-05-27T16:24:26.200Z [INFO] Sincronizacao success: 17 arquivos em 6015ms
{
  "added": 0,
  "modified": 0,
  "deleted": 0,
  "errors": 0
}
2026-05-27T16:29:14.185Z [INFO] ⏹️ SIGINT recebido, encerrando...
2026-05-27T16:30:56.813Z [INFO] ═══════════════════════════════════════════════════════
2026-05-27T16:30:56.818Z [INFO] 🎯 WIKI BACKEND - Sistema Dinâmico Alimentado por GitHub
2026-05-27T16:30:56.821Z [INFO] ═══════════════════════════════════════════════════════
2026-05-27T16:30:56.822Z [INFO] 🔐 Validando acesso ao GitHub...
2026-05-27T16:30:57.732Z [INFO] GitHub conectado: panda12332145/cyber-wiki-content@main
2026-05-27T16:30:57.748Z [INFO] 🏗️ Criando aplicação Express...
2026-05-27T16:30:57.843Z [INFO] 📅 Inicializando jobs agendados...
2026-05-27T16:30:57.844Z [INFO] 🔧 Inicializando jobs agendados...
2026-05-27T16:30:57.865Z [INFO] 📅 Job de sincronização agendado: 0 */24 * * *
2026-05-27T16:30:57.868Z [INFO] ✅ 3 jobs agendados com sucesso
2026-05-27T16:30:57.868Z [INFO] 📦 Executando sincronização inicial...
2026-05-27T16:30:58.019Z [INFO] Iniciando sincronizacao completa
2026-05-27T16:31:05.380Z [INFO] Cache limpo completamente
2026-05-27T16:31:05.409Z [INFO] Sincronizacao success: 17 arquivos em 7513ms
{
  "added": 0,
  "modified": 14,
  "deleted": 0,
  "errors": 0
}
2026-05-27T16:31:05.411Z [INFO] ✅ Sincronização inicial concluída
{
  "filesProcessed": 17,
  "status": "success"
}
2026-05-27T16:31:05.411Z [INFO] 🚀 Iniciando servidor HTTP...
2026-05-27T16:31:05.417Z [INFO] 🚀 Servidor iniciado em porta 3001
2026-05-27T16:31:05.417Z [INFO] 🔗 API disponível em http://localhost:3001/api/wiki
2026-05-27T16:31:05.418Z [INFO] 📊 Health check: http://localhost:3001/health
2026-05-27T16:31:05.561Z [INFO] ✅ Wiki Backend está pronto e operacional
2026-05-27T16:47:02.802Z [INFO] ⏹️ SIGINT recebido, encerrando...
2026-05-27T18:30:46.059Z [INFO] ═══════════════════════════════════════════════════════
2026-05-27T18:30:46.063Z [INFO] 🎯 WIKI BACKEND - Sistema Dinâmico Alimentado por GitHub
2026-05-27T18:30:46.063Z [INFO] ═══════════════════════════════════════════════════════
2026-05-27T18:30:46.063Z [INFO] 🔐 Validando acesso ao GitHub...
2026-05-27T18:30:50.218Z [INFO] GitHub conectado: panda12332145/cyber-wiki-content@main
2026-05-27T18:30:50.219Z [INFO] 🏗️ Criando aplicação Express...
2026-05-27T18:30:50.226Z [INFO] 📅 Inicializando jobs agendados...
2026-05-27T18:30:50.226Z [INFO] 🔧 Inicializando jobs agendados...
2026-05-27T18:30:50.232Z [INFO] 📅 Job de sincronização agendado: 0 */24 * * *
2026-05-27T18:30:50.234Z [INFO] ✅ 3 jobs agendados com sucesso
2026-05-27T18:30:50.234Z [INFO] 📦 Executando sincronização inicial...
2026-05-27T18:30:50.382Z [INFO] Iniciando sincronizacao completa
2026-05-27T18:30:54.950Z [INFO] Cache limpo completamente
2026-05-27T18:30:54.969Z [INFO] Sincronizacao success: 17 arquivos em 4715ms
{
  "added": 0,
  "modified": 14,
  "deleted": 0,
  "errors": 0
}
2026-05-27T18:30:54.970Z [INFO] ✅ Sincronização inicial concluída
{
  "filesProcessed": 17,
  "status": "success"
}
2026-05-27T18:30:54.970Z [INFO] 🚀 Iniciando servidor HTTP...
2026-05-27T18:30:54.979Z [INFO] 🚀 Servidor iniciado em porta 3001
2026-05-27T18:30:54.979Z [INFO] 🔗 API disponível em http://localhost:3001/api/wiki
2026-05-27T18:30:54.979Z [INFO] 📊 Health check: http://localhost:3001/health
2026-05-27T18:30:54.979Z [INFO] ✅ Wiki Backend está pronto e operacional
2026-05-27T18:32:57.463Z [INFO] ═══════════════════════════════════════════════════════
2026-05-27T18:32:57.470Z [INFO] 🎯 WIKI BACKEND - Sistema Dinâmico Alimentado por GitHub
2026-05-27T18:32:57.470Z [INFO] ═══════════════════════════════════════════════════════
2026-05-27T18:32:57.470Z [INFO] 🔐 Validando acesso ao GitHub...
2026-05-27T18:32:58.228Z [INFO] GitHub conectado: panda12332145/cyber-wiki-content@main
2026-05-27T18:32:58.228Z [INFO] 🏗️ Criando aplicação Express...
2026-05-27T18:32:58.252Z [INFO] 📅 Inicializando jobs agendados...
2026-05-27T18:32:58.252Z [INFO] 🔧 Inicializando jobs agendados...
2026-05-27T18:32:58.266Z [INFO] 📅 Job de sincronização agendado: 0 */24 * * *
2026-05-27T18:32:58.268Z [INFO] ✅ 3 jobs agendados com sucesso
2026-05-27T18:32:58.268Z [INFO] 📦 Executando sincronização inicial...
2026-05-27T18:32:58.563Z [INFO] Iniciando sincronizacao completa
2026-05-27T18:33:03.528Z [INFO] Cache limpo completamente
2026-05-27T18:33:03.772Z [INFO] Sincronizacao success: 17 arquivos em 5259ms
{
  "added": 0,
  "modified": 14,
  "deleted": 0,
  "errors": 0
}
2026-05-27T18:33:03.772Z [INFO] ✅ Sincronização inicial concluída
{
  "filesProcessed": 17,
  "status": "success"
}
2026-05-27T18:33:03.772Z [INFO] 🚀 Iniciando servidor HTTP...
2026-05-27T18:33:03.784Z [INFO] 🚀 Servidor iniciado em porta 3001
2026-05-27T18:33:03.784Z [INFO] 🔗 API disponível em http://localhost:3001/api/wiki
2026-05-27T18:33:03.784Z [INFO] 📊 Health check: http://localhost:3001/health
2026-05-27T18:33:03.784Z [INFO] ✅ Wiki Backend está pronto e operacional
2026-05-27T20:12:02.184Z [INFO] ═══════════════════════════════════════════════════════
2026-05-27T20:12:02.187Z [INFO] 🎯 WIKI BACKEND - Sistema Dinâmico Alimentado por GitHub
2026-05-27T20:12:02.187Z [INFO] ═══════════════════════════════════════════════════════
2026-05-27T20:12:02.188Z [INFO] 🔐 Validando acesso ao GitHub...
2026-05-27T20:12:02.745Z [INFO] GitHub conectado: panda12332145/cyber-wiki-content@main
2026-05-27T20:12:02.746Z [INFO] 🏗️ Criando aplicação Express...
2026-05-27T20:12:02.752Z [INFO] 📅 Inicializando jobs agendados...
2026-05-27T20:12:02.753Z [INFO] 🔧 Inicializando jobs agendados...
2026-05-27T20:12:02.758Z [INFO] 📅 Job de sincronização agendado: 0 */24 * * *
2026-05-27T20:12:02.759Z [INFO] ✅ 3 jobs agendados com sucesso
2026-05-27T20:12:02.759Z [INFO] 📦 Executando sincronização inicial...
2026-05-27T20:12:02.823Z [INFO] Iniciando sincronizacao completa
2026-05-27T20:12:09.781Z [INFO] Cache limpo completamente
2026-05-27T20:12:09.790Z [INFO] Sincronizacao success: 17 arquivos em 7021ms
{
  "added": 0,
  "modified": 14,
  "deleted": 0,
  "errors": 0
}
2026-05-27T20:12:09.790Z [INFO] ✅ Sincronização inicial concluída
{
  "filesProcessed": 17,
  "status": "success"
}
2026-05-27T20:12:09.790Z [INFO] 🚀 Iniciando servidor HTTP...
2026-05-27T20:12:09.796Z [INFO] 🚀 Servidor iniciado em porta 3001
2026-05-27T20:12:09.796Z [INFO] 🔗 API disponível em http://localhost:3001/api/wiki
2026-05-27T20:12:09.796Z [INFO] 📊 Health check: http://localhost:3001/health
2026-05-27T20:12:09.796Z [INFO] ✅ Wiki Backend está pronto e operacional
2026-05-27T20:48:04.170Z [INFO] ═══════════════════════════════════════════════════════
2026-05-27T20:48:04.173Z [INFO] 🎯 WIKI BACKEND - Sistema Dinâmico Alimentado por GitHub
2026-05-27T20:48:04.177Z [INFO] ═══════════════════════════════════════════════════════
2026-05-27T20:48:04.177Z [INFO] 🔐 Validando acesso ao GitHub...
2026-05-27T20:48:05.090Z [INFO] GitHub conectado: panda12332145/cyber-wiki-content@main
2026-05-27T20:48:05.091Z [INFO] 🏗️ Criando aplicação Express...
2026-05-27T20:48:05.096Z [INFO] 📅 Inicializando jobs agendados...
2026-05-27T20:48:05.096Z [INFO] 🔧 Inicializando jobs agendados...
2026-05-27T20:48:05.161Z [INFO] 📅 Job de sincronização agendado: 0 */24 * * *
2026-05-27T20:48:05.174Z [INFO] ✅ 3 jobs agendados com sucesso
2026-05-27T20:48:05.174Z [INFO] 📦 Executando sincronização inicial...
2026-05-27T20:48:05.224Z [INFO] Iniciando sincronizacao completa
2026-05-27T20:48:13.701Z [INFO] Cache limpo completamente
2026-05-27T20:48:13.786Z [INFO] Sincronizacao success: 17 arquivos em 8520ms
{
  "added": 0,
  "modified": 14,
  "deleted": 0,
  "errors": 0
}
2026-05-27T20:48:13.786Z [INFO] ✅ Sincronização inicial concluída
{
  "filesProcessed": 17,
  "status": "success"
}
2026-05-27T20:48:13.786Z [INFO] 🚀 Iniciando servidor HTTP...
2026-05-27T20:48:13.793Z [INFO] 🚀 Servidor iniciado em porta 3001
2026-05-27T20:48:13.793Z [INFO] 🔗 API disponível em http://localhost:3001/api/wiki
2026-05-27T20:48:13.793Z [INFO] 📊 Health check: http://localhost:3001/health
2026-05-27T20:48:13.793Z [INFO] ✅ Wiki Backend está pronto e operacional
2026-05-27T20:58:14.236Z [INFO] ═══════════════════════════════════════════════════════
2026-05-27T20:58:14.238Z [INFO] 🎯 WIKI BACKEND - Sistema Dinâmico Alimentado por GitHub
2026-05-27T20:58:14.238Z [INFO] ═══════════════════════════════════════════════════════
2026-05-27T20:58:14.238Z [INFO] 🔐 Validando acesso ao GitHub...
2026-05-27T20:58:14.782Z [INFO] GitHub conectado: panda12332145/cyber-wiki-content@main
2026-05-27T20:58:14.782Z [INFO] 🏗️ Criando aplicação Express...
2026-05-27T20:58:14.786Z [INFO] 📅 Inicializando jobs agendados...
2026-05-27T20:58:14.786Z [INFO] 🔧 Inicializando jobs agendados...
2026-05-27T20:58:14.872Z [INFO] 📅 Job de sincronização agendado: 0 */24 * * *
2026-05-27T20:58:14.897Z [INFO] ✅ 3 jobs agendados com sucesso
2026-05-27T20:58:14.897Z [INFO] 📦 Executando sincronização inicial...
2026-05-27T20:58:14.932Z [INFO] Iniciando sincronizacao completa
2026-05-27T20:58:18.483Z [INFO] Cache limpo completamente
2026-05-27T20:58:18.501Z [INFO] Sincronizacao success: 17 arquivos em 3585ms
{
  "added": 0,
  "modified": 14,
  "deleted": 0,
  "errors": 0
}
2026-05-27T20:58:18.501Z [INFO] ✅ Sincronização inicial concluída
{
  "filesProcessed": 17,
  "status": "success"
}
2026-05-27T20:58:18.501Z [INFO] 🚀 Iniciando servidor HTTP...
2026-05-27T20:58:18.506Z [INFO] 🚀 Servidor iniciado em porta 3001
2026-05-27T20:58:18.506Z [INFO] 🔗 API disponível em http://localhost:3001/api/wiki
2026-05-27T20:58:18.506Z [INFO] 📊 Health check: http://localhost:3001/health
2026-05-27T20:58:18.506Z [INFO] ✅ Wiki Backend está pronto e operacional
2026-05-27T21:09:32.870Z [INFO] ═══════════════════════════════════════════════════════
2026-05-27T21:09:32.872Z [INFO] 🎯 WIKI BACKEND - Sistema Dinâmico Alimentado por GitHub
2026-05-27T21:09:32.873Z [INFO] ═══════════════════════════════════════════════════════
2026-05-27T21:09:32.873Z [INFO] 🔐 Validando acesso ao GitHub...
2026-05-27T21:09:33.525Z [INFO] GitHub conectado: panda12332145/cyber-wiki-content@main
2026-05-27T21:09:33.526Z [INFO] 🏗️ Criando aplicação Express...
2026-05-27T21:09:33.530Z [INFO] 📅 Inicializando jobs agendados...
2026-05-27T21:09:33.530Z [INFO] 🔧 Inicializando jobs agendados...
2026-05-27T21:09:33.615Z [INFO] 📅 Job de sincronização agendado: 0 */24 * * *
2026-05-27T21:09:33.628Z [INFO] ✅ 3 jobs agendados com sucesso
2026-05-27T21:09:33.628Z [INFO] 📦 Executando sincronização inicial...
2026-05-27T21:09:35.466Z [INFO] Iniciando sincronizacao completa
2026-05-27T21:09:42.769Z [INFO] Cache limpo completamente
2026-05-27T21:09:42.785Z [INFO] Sincronizacao success: 17 arquivos em 9139ms
{
  "added": 0,
  "modified": 14,
  "deleted": 0,
  "errors": 0
}
2026-05-27T21:09:42.785Z [INFO] ✅ Sincronização inicial concluída
{
  "filesProcessed": 17,
  "status": "success"
}
2026-05-27T21:09:42.785Z [INFO] 🚀 Iniciando servidor HTTP...
2026-05-27T21:09:42.791Z [INFO] 🚀 Servidor iniciado em porta 3001
2026-05-27T21:09:42.791Z [INFO] 🔗 API disponível em http://localhost:3001/api/wiki
2026-05-27T21:09:42.791Z [INFO] 📊 Health check: http://localhost:3001/health
2026-05-27T21:09:42.791Z [INFO] ✅ Wiki Backend está pronto e operacional
2026-05-27T21:31:56.361Z [INFO] ═══════════════════════════════════════════════════════
2026-05-27T21:31:56.365Z [INFO] 🎯 WIKI BACKEND - Sistema Dinâmico Alimentado por GitHub
2026-05-27T21:31:56.365Z [INFO] ═══════════════════════════════════════════════════════
2026-05-27T21:31:56.365Z [INFO] 🔐 Validando acesso ao GitHub...
2026-05-27T21:32:07.929Z [WARN] GitHub retry 1/3 em 800ms
{
  "status": 500,
  "message": "getaddrinfo ENOTFOUND api.github.com"
}
2026-05-27T21:32:08.790Z [WARN] GitHub retry 2/3 em 1600ms
{
  "status": 500,
  "message": "getaddrinfo ENOTFOUND api.github.com"
}
2026-05-27T21:32:10.412Z [WARN] GitHub retry 3/3 em 3200ms
{
  "status": 500,
  "message": "getaddrinfo ENOTFOUND api.github.com"
}
2026-05-27T21:32:13.652Z [ERROR] Falha na conexao com GitHub
{
  "name": "HttpError",
  "status": 500,
  "request": {
    "method": "GET",
    "url": "https://api.github.com/repos/panda12332145/cyber-wiki-content",
    "headers": {
      "accept": "application/vnd.github.v3+json",
      "user-agent": "octokit-rest.js/22.0.1 octokit-core.js/7.0.6 Node.js/24"
    },
    "request": {
      "timeout": 30000
    }
  }
}
2026-05-27T21:32:59.744Z [INFO] ═══════════════════════════════════════════════════════
2026-05-27T21:32:59.748Z [INFO] 🎯 WIKI BACKEND - Sistema Dinâmico Alimentado por GitHub
2026-05-27T21:32:59.748Z [INFO] ═══════════════════════════════════════════════════════
2026-05-27T21:32:59.748Z [INFO] 🔐 Validando acesso ao GitHub...
2026-05-27T21:32:59.896Z [WARN] GitHub retry 1/3 em 800ms
{
  "status": 500,
  "message": "getaddrinfo ENOTFOUND api.github.com"
}
2026-05-27T21:33:00.708Z [WARN] GitHub retry 2/3 em 1600ms
{
  "status": 500,
  "message": "getaddrinfo ENOTFOUND api.github.com"
}
2026-05-27T21:33:02.324Z [WARN] GitHub retry 3/3 em 3200ms
{
  "status": 500,
  "message": "getaddrinfo ENOTFOUND api.github.com"
}
2026-05-27T21:33:16.561Z [ERROR] Falha na conexao com GitHub
{
  "name": "HttpError",
  "status": 500,
  "request": {
    "method": "GET",
    "url": "https://api.github.com/repos/panda12332145/cyber-wiki-content",
    "headers": {
      "accept": "application/vnd.github.v3+json",
      "user-agent": "octokit-rest.js/22.0.1 octokit-core.js/7.0.6 Node.js/24"
    },
    "request": {
      "timeout": 30000
    }
  }
}
2026-05-28T03:49:21.743Z [INFO] ═══════════════════════════════════════════════════════
2026-05-28T03:49:21.747Z [INFO] 🎯 WIKI BACKEND - Sistema Dinâmico Alimentado por GitHub
2026-05-28T03:49:21.747Z [INFO] ═══════════════════════════════════════════════════════
2026-05-28T03:49:21.747Z [INFO] 🔐 Validando acesso ao GitHub...
2026-05-28T03:49:22.226Z [INFO] GitHub conectado: panda12332145/cyber-wiki-content@main
2026-05-28T03:49:22.233Z [INFO] 🏗️ Criando aplicação Express...
2026-05-28T03:49:22.243Z [INFO] 📅 Inicializando jobs agendados...
2026-05-28T03:49:22.243Z [INFO] 🔧 Inicializando jobs agendados...
2026-05-28T03:49:22.336Z [INFO] 📅 Job de sincronização agendado: 0 */24 * * *
2026-05-28T03:49:22.354Z [INFO] ✅ 3 jobs agendados com sucesso
2026-05-28T03:49:22.355Z [INFO] 📦 Executando sincronização inicial...
2026-05-28T03:49:22.385Z [INFO] Iniciando sincronizacao completa
2026-05-28T03:49:29.214Z [INFO] Cache limpo completamente
2026-05-28T03:49:29.222Z [INFO] Sincronizacao success: 17 arquivos em 6857ms
{
  "added": 0,
  "modified": 14,
  "deleted": 0,
  "errors": 0
}
2026-05-28T03:49:29.223Z [INFO] ✅ Sincronização inicial concluída
{
  "filesProcessed": 17,
  "status": "success"
}
2026-05-28T03:49:29.223Z [INFO] 🚀 Iniciando servidor HTTP...
2026-05-28T03:49:29.228Z [INFO] 🚀 Servidor iniciado em porta 3001
2026-05-28T03:49:29.228Z [INFO] 🔗 API disponível em http://localhost:3001/api/wiki
2026-05-28T03:49:29.228Z [INFO] 📊 Health check: http://localhost:3001/health
2026-05-28T03:49:29.229Z [INFO] ✅ Wiki Backend está pronto e operacional
2026-05-28T04:07:00.167Z [INFO] ⏹️ SIGINT recebido, encerrando...
2026-05-28T04:08:25.520Z [INFO] ═══════════════════════════════════════════════════════
2026-05-28T04:08:25.523Z [INFO] 🎯 WIKI BACKEND - Sistema Dinâmico Alimentado por GitHub
2026-05-28T04:08:25.523Z [INFO] ═══════════════════════════════════════════════════════
2026-05-28T04:08:25.523Z [INFO] 🔐 Validando acesso ao GitHub...
2026-05-28T04:08:26.452Z [INFO] GitHub conectado: panda12332145/cyber-wiki-content@main
2026-05-28T04:08:26.452Z [INFO] 🏗️ Criando aplicação Express...
2026-05-28T04:08:26.459Z [INFO] 📅 Inicializando jobs agendados...
2026-05-28T04:08:26.459Z [INFO] 🔧 Inicializando jobs agendados...
2026-05-28T04:08:26.521Z [INFO] 📅 Job de sincronização agendado: 0 */24 * * *
2026-05-28T04:08:26.533Z [INFO] ✅ 3 jobs agendados com sucesso
2026-05-28T04:08:26.533Z [INFO] 📦 Executando sincronização inicial...
2026-05-28T04:08:26.620Z [INFO] Iniciando sincronizacao completa
2026-05-28T04:08:29.450Z [INFO] Cache limpo completamente
2026-05-28T04:08:29.456Z [INFO] Sincronizacao success: 17 arquivos em 2915ms
{
  "added": 0,
  "modified": 14,
  "deleted": 0,
  "errors": 0
}
2026-05-28T04:08:29.457Z [INFO] ✅ Sincronização inicial concluída
{
  "filesProcessed": 17,
  "status": "success"
}
2026-05-28T04:08:29.457Z [INFO] 🚀 Iniciando servidor HTTP...
2026-05-28T04:08:29.464Z [INFO] 🚀 Servidor iniciado em porta 3001
2026-05-28T04:08:29.464Z [INFO] 🔗 API disponível em http://localhost:3001/api/wiki
2026-05-28T04:08:29.465Z [INFO] 📊 Health check: http://localhost:3001/health
2026-05-28T04:08:29.465Z [INFO] ✅ Wiki Backend está pronto e operacional
2026-05-28T04:09:11.017Z [ERROR] [ERROR_HANDLER:POST:/api/wiki/sync] UNAUTHORIZED: Não autorizado
{
  "statusCode": 401
}
2026-05-28T04:09:12.734Z [ERROR] [ERROR_HANDLER:POST:/api/wiki/sync] UNAUTHORIZED: Não autorizado
{
  "statusCode": 401
}
2026-05-28T04:09:14.231Z [ERROR] [ERROR_HANDLER:POST:/api/wiki/sync] UNAUTHORIZED: Não autorizado
{
  "statusCode": 401
}
2026-05-28T04:09:14.830Z [ERROR] [ERROR_HANDLER:POST:/api/wiki/sync] UNAUTHORIZED: Não autorizado
{
  "statusCode": 401
}
2026-05-28T04:25:36.080Z [INFO] ⏹️ SIGINT recebido, encerrando...
2026-05-28T04:30:53.668Z [INFO] ═══════════════════════════════════════════════════════
2026-05-28T04:30:53.671Z [INFO] 🎯 WIKI BACKEND - Sistema Dinâmico Alimentado por GitHub
2026-05-28T04:30:53.671Z [INFO] ═══════════════════════════════════════════════════════
2026-05-28T04:30:53.671Z [INFO] 🔐 Validando acesso ao GitHub...
2026-05-28T04:30:54.208Z [INFO] GitHub conectado: panda12332145/cyber-wiki-content@main
2026-05-28T04:30:54.208Z [INFO] 🏗️ Criando aplicação Express...
2026-05-28T04:30:54.217Z [INFO] 📅 Inicializando jobs agendados...
2026-05-28T04:30:54.217Z [INFO] 🔧 Inicializando jobs agendados...
2026-05-28T04:30:54.285Z [INFO] 📅 Job de sincronização agendado: 0 */24 * * *
2026-05-28T04:30:54.300Z [INFO] ✅ 3 jobs agendados com sucesso
2026-05-28T04:30:54.301Z [INFO] 📦 Executando sincronização inicial...
2026-05-28T04:30:54.367Z [INFO] Iniciando sincronizacao completa
2026-05-28T04:30:56.842Z [INFO] Cache limpo completamente
2026-05-28T04:30:56.853Z [INFO] Sincronizacao success: 17 arquivos em 2540ms
{
  "added": 0,
  "modified": 14,
  "deleted": 0,
  "errors": 0
}
2026-05-28T04:30:56.853Z [INFO] ✅ Sincronização inicial concluída
{
  "filesProcessed": 17,
  "status": "success"
}
2026-05-28T04:30:56.854Z [INFO] 🚀 Iniciando servidor HTTP...
2026-05-28T04:30:56.860Z [INFO] 🚀 Servidor iniciado em porta 3001
2026-05-28T04:30:56.862Z [INFO] 🔗 API disponível em http://127.0.0.1:3001/api/wiki
2026-05-28T04:30:56.863Z [INFO] 📊 Health check: http://127.0.0.1:3001/health
2026-05-28T04:30:56.863Z [INFO] ✅ Wiki Backend está pronto e operacional
2026-05-28T04:32:54.808Z [INFO] ⏹️ SIGINT recebido, encerrando...
2026-05-28T04:38:32.591Z [INFO] ═══════════════════════════════════════════════════════
2026-05-28T04:38:32.596Z [INFO] 🎯 WIKI BACKEND - Sistema Dinâmico Alimentado por GitHub
2026-05-28T04:38:32.597Z [INFO] ═══════════════════════════════════════════════════════
2026-05-28T04:38:32.602Z [INFO] 🔐 Validando acesso ao GitHub...
2026-05-28T04:38:33.130Z [INFO] GitHub conectado: panda12332145/cyber-wiki-content@main
2026-05-28T04:38:33.131Z [INFO] 🏗️ Criando aplicação Express...
2026-05-28T04:38:33.143Z [INFO] 📅 Inicializando jobs agendados...
2026-05-28T04:38:33.143Z [INFO] 🔧 Inicializando jobs agendados...
2026-05-28T04:38:33.225Z [INFO] 📅 Job de sincronização agendado: 0 */24 * * *
2026-05-28T04:38:33.252Z [INFO] ✅ 3 jobs agendados com sucesso
2026-05-28T04:38:33.255Z [INFO] 📦 Executando sincronização inicial...
2026-05-28T04:38:33.526Z [INFO] Iniciando sincronizacao completa
2026-05-28T04:38:36.078Z [INFO] Cache limpo completamente
2026-05-28T04:38:36.084Z [INFO] Sincronizacao success: 17 arquivos em 2821ms
{
  "added": 0,
  "modified": 14,
  "deleted": 0,
  "errors": 0
}
2026-05-28T04:38:36.085Z [INFO] ✅ Sincronização inicial concluída
{
  "filesProcessed": 17,
  "status": "success"
}
2026-05-28T04:38:36.085Z [INFO] 🚀 Iniciando servidor HTTP...
2026-05-28T04:38:36.091Z [INFO] 🚀 Servidor iniciado em porta 3001
2026-05-28T04:38:36.091Z [INFO] 🔗 API disponível em http://127.0.0.1:3001/api/wiki
2026-05-28T04:38:36.091Z [INFO] 📊 Health check: http://127.0.0.1:3001/health
2026-05-28T04:38:36.091Z [INFO] ✅ Wiki Backend está pronto e operacional
2026-05-28T04:40:12.594Z [INFO] 🔄 Sincronização manual acionada
{
  "full": false
}
2026-05-28T04:40:12.631Z [INFO] Iniciando sincronizacao incremental
2026-05-28T04:40:14.296Z [INFO] Cache limpo completamente
2026-05-28T04:40:14.349Z [INFO] Sincronizacao success: 17 arquivos em 1727ms
{
  "added": 0,
  "modified": 0,
  "deleted": 0,
  "errors": 0
}
2026-05-28T15:14:49.378Z [INFO] ⏹️ SIGINT recebido, encerrando...
2026-05-28T15:15:14.509Z [INFO] ═══════════════════════════════════════════════════════
2026-05-28T15:15:14.512Z [INFO] 🎯 WIKI BACKEND - Sistema Dinâmico Alimentado por GitHub
2026-05-28T15:15:14.512Z [INFO] ═══════════════════════════════════════════════════════
2026-05-28T15:15:14.512Z [INFO] 🔐 Validando acesso ao GitHub...
2026-05-28T15:15:15.034Z [INFO] GitHub conectado: panda12332145/cyber-wiki-content@main
2026-05-28T15:15:15.038Z [INFO] 🏗️ Criando aplicação Express...
2026-05-28T15:15:15.056Z [INFO] 📅 Inicializando jobs agendados...
2026-05-28T15:15:15.057Z [INFO] 🔧 Inicializando jobs agendados...
2026-05-28T15:15:15.119Z [INFO] 📅 Job de sincronização agendado: 0 */24 * * *
2026-05-28T15:15:15.136Z [INFO] ✅ 3 jobs agendados com sucesso
2026-05-28T15:15:15.148Z [INFO] 📦 Executando sincronização inicial...
2026-05-28T15:15:15.174Z [INFO] Iniciando sincronizacao completa
2026-05-28T15:15:21.392Z [INFO] Cache limpo completamente
2026-05-28T15:15:21.399Z [INFO] Sincronizacao success: 17 arquivos em 6243ms
{
  "added": 0,
  "modified": 14,
  "deleted": 0,
  "errors": 0
}
2026-05-28T15:15:21.400Z [INFO] ✅ Sincronização inicial concluída
{
  "filesProcessed": 17,
  "status": "success"
}
2026-05-28T15:15:21.400Z [INFO] 🚀 Iniciando servidor HTTP...
2026-05-28T15:15:21.404Z [INFO] 🚀 Servidor iniciado em porta 3001
2026-05-28T15:15:21.405Z [INFO] 🔗 API disponível em http://127.0.0.1:3001/api/wiki
2026-05-28T15:15:21.405Z [INFO] 📊 Health check: http://127.0.0.1:3001/health
2026-05-28T15:15:21.405Z [INFO] ✅ Wiki Backend está pronto e operacional
2026-05-28T21:16:30.516Z [INFO] ⏹️ SIGINT recebido, encerrando...
2026-06-12T18:18:01.971Z [INFO] ═══════════════════════════════════════════════════════
2026-06-12T18:18:01.975Z [INFO] 🎯 WIKI BACKEND - Sistema Dinâmico Alimentado por GitHub
2026-06-12T18:18:01.978Z [INFO] ═══════════════════════════════════════════════════════
2026-06-12T18:18:01.979Z [INFO] 🔐 Validando acesso ao GitHub...
2026-06-12T18:18:02.624Z [INFO] GitHub conectado: panda12332145/cyber-wiki-content@main
2026-06-12T18:18:02.626Z [INFO] 🏗️ Criando aplicação Express...
2026-06-12T18:18:02.634Z [INFO] 📅 Inicializando jobs agendados...
2026-06-12T18:18:02.634Z [INFO] 🔧 Inicializando jobs agendados...
2026-06-12T18:18:02.704Z [INFO] 📅 Job de sincronização agendado: 0 */24 * * *
2026-06-12T18:18:02.721Z [INFO] ✅ 3 jobs agendados com sucesso
2026-06-12T18:18:02.723Z [INFO] 📦 Executando sincronização inicial...
2026-06-12T18:18:02.750Z [INFO] Iniciando sincronizacao completa
2026-06-12T18:18:10.338Z [INFO] Cache limpo completamente
2026-06-12T18:18:10.345Z [INFO] Sincronizacao success: 17 arquivos em 7614ms
{
  "added": 0,
  "modified": 14,
  "deleted": 0,
  "errors": 0
}
2026-06-12T18:18:10.345Z [INFO] ✅ Sincronização inicial concluída
{
  "filesProcessed": 17,
  "status": "success"
}
2026-06-12T18:18:10.346Z [INFO] 🚀 Iniciando servidor HTTP...
2026-06-12T18:18:10.359Z [INFO] 🚀 Servidor iniciado em porta 3001
2026-06-12T18:18:10.361Z [INFO] 🔗 API disponível em http://127.0.0.1:3001/api/wiki
2026-06-12T18:18:10.362Z [INFO] 📊 Health check: http://127.0.0.1:3001/health
2026-06-12T18:18:10.363Z [INFO] ✅ Wiki Backend está pronto e operacional
2026-06-12T18:23:05.072Z [INFO] ⏹️ SIGINT recebido, encerrando...
2026-07-31T18:48:54.188Z [INFO] ═══════════════════════════════════════════════════════
2026-07-31T18:48:54.247Z [INFO] 🎯 WIKI BACKEND - Sistema Dinâmico Alimentado por GitHub
2026-07-31T18:48:54.254Z [INFO] ═══════════════════════════════════════════════════════
2026-07-31T18:48:54.254Z [INFO] 🔐 Validando acesso ao GitHub...
2026-07-31T18:48:55.796Z [INFO] GitHub conectado: panda12332145/cyber-wiki-content@main
2026-07-31T18:48:55.803Z [INFO] 🏗️ Criando aplicação Express...
2026-07-31T18:48:55.836Z [INFO] 📅 Inicializando jobs agendados...
2026-07-31T18:48:55.837Z [INFO] 🔧 Inicializando jobs agendados...
2026-07-31T18:48:56.168Z [INFO] 📅 Job de sincronização agendado: 0 */24 * * *
2026-07-31T18:48:56.364Z [INFO] ✅ 3 jobs agendados com sucesso
2026-07-31T18:48:56.365Z [INFO] 📦 Executando sincronização inicial...
2026-07-31T18:48:56.554Z [INFO] Iniciando sincronizacao completa
2026-07-31T18:49:12.033Z [INFO] Cache limpo completamente
2026-07-31T18:49:12.317Z [INFO] Sincronizacao success: 17 arquivos em 15874ms
{
  "added": 0,
  "modified": 14,
  "deleted": 0,
  "errors": 0
}
2026-07-31T18:49:12.364Z [INFO] ✅ Sincronização inicial concluída
{
  "filesProcessed": 17,
  "status": "success"
}
2026-07-31T18:49:12.369Z [INFO] 🚀 Iniciando servidor HTTP...
2026-07-31T18:49:12.404Z [INFO] 🚀 Servidor iniciado em porta 3001
2026-07-31T18:49:12.419Z [INFO] 🔗 API disponível em http://127.0.0.1:3001/api/wiki
2026-07-31T18:49:12.434Z [INFO] 📊 Health check: http://127.0.0.1:3001/health
2026-07-31T18:49:12.464Z [INFO] ✅ Wiki Backend está pronto e operacional
2026-07-31T19:00:35.111Z [INFO] ⏹️ SIGINT recebido, encerrando...
2026-07-31T19:01:26.421Z [INFO] ═══════════════════════════════════════════════════════
2026-07-31T19:01:26.427Z [INFO] 🎯 WIKI BACKEND - Sistema Dinâmico Alimentado por GitHub
2026-07-31T19:01:26.427Z [INFO] ═══════════════════════════════════════════════════════
2026-07-31T19:01:26.427Z [INFO] 🔐 Validando acesso ao GitHub...
2026-07-31T19:01:27.111Z [INFO] GitHub conectado: panda12332145/cyber-wiki-content@main
2026-07-31T19:01:27.115Z [INFO] 🏗️ Criando aplicação Express...
2026-07-31T19:01:27.124Z [INFO] 📅 Inicializando jobs agendados...
2026-07-31T19:01:27.124Z [INFO] 🔧 Inicializando jobs agendados...
2026-07-31T19:01:27.198Z [INFO] 📅 Job de sincronização agendado: 0 */24 * * *
2026-07-31T19:01:27.219Z [INFO] ✅ 3 jobs agendados com sucesso
2026-07-31T19:01:27.220Z [INFO] 📦 Executando sincronização inicial...
2026-07-31T19:01:27.327Z [INFO] Iniciando sincronizacao completa
2026-07-31T19:01:30.246Z [INFO] Cache limpo completamente
2026-07-31T19:01:30.257Z [INFO] Sincronizacao success: 17 arquivos em 3027ms
{
  "added": 0,
  "modified": 14,
  "deleted": 0,
  "errors": 0
}
2026-07-31T19:01:30.258Z [INFO] ✅ Sincronização inicial concluída
{
  "filesProcessed": 17,
  "status": "success"
}
2026-07-31T19:01:30.258Z [INFO] 🚀 Iniciando servidor HTTP...
2026-07-31T19:01:30.287Z [INFO] 🚀 Servidor iniciado em porta 3001
2026-07-31T19:01:30.289Z [INFO] 🔗 API disponível em http://127.0.0.1:3001/api/wiki
2026-07-31T19:01:30.290Z [INFO] 📊 Health check: http://127.0.0.1:3001/health
2026-07-31T19:01:30.290Z [INFO] ✅ Wiki Backend está pronto e operacional
2026-07-31T19:14:58.828Z [INFO] ⏹️ SIGINT recebido, encerrando...
2026-07-31T19:15:40.360Z [INFO] ═══════════════════════════════════════════════════════
2026-07-31T19:15:40.362Z [INFO] 🎯 WIKI BACKEND - Sistema Dinâmico Alimentado por GitHub
2026-07-31T19:15:40.362Z [INFO] ═══════════════════════════════════════════════════════
2026-07-31T19:15:40.363Z [INFO] 🔐 Validando acesso ao GitHub...
2026-07-31T19:15:41.100Z [INFO] GitHub conectado: panda12332145/cyber-wiki-content@main
2026-07-31T19:15:41.101Z [INFO] 🏗️ Criando aplicação Express...
2026-07-31T19:15:41.111Z [INFO] 📅 Inicializando jobs agendados...
2026-07-31T19:15:41.111Z [INFO] 🔧 Inicializando jobs agendados...
2026-07-31T19:15:41.193Z [INFO] 📅 Job de sincronização agendado: 0 */24 * * *
2026-07-31T19:15:41.223Z [INFO] ✅ 3 jobs agendados com sucesso
2026-07-31T19:15:41.224Z [INFO] 📦 Executando sincronização inicial...
2026-07-31T19:15:41.312Z [INFO] Iniciando sincronizacao completa
2026-07-31T19:15:46.199Z [INFO] Cache limpo completamente
2026-07-31T19:15:46.231Z [INFO] Sincronizacao success: 17 arquivos em 4978ms
{
  "added": 0,
  "modified": 14,
  "deleted": 0,
  "errors": 0
}
2026-07-31T19:15:46.235Z [INFO] ✅ Sincronização inicial concluída
{
  "filesProcessed": 17,
  "status": "success"
}
2026-07-31T19:15:46.239Z [INFO] 🚀 Iniciando servidor HTTP...
2026-07-31T19:15:46.271Z [INFO] 🚀 Servidor iniciado em porta 3001
2026-07-31T19:15:46.302Z [INFO] 🔗 API disponível em http://127.0.0.1:3001/api/wiki
2026-07-31T19:15:46.306Z [INFO] 📊 Health check: http://127.0.0.1:3001/health
2026-07-31T19:15:46.309Z [INFO] ✅ Wiki Backend está pronto e operacional
2026-07-31T20:38:43.508Z [INFO] ⏹️ SIGINT recebido, encerrando...
2026-08-23T05:38:11.693Z [INFO] ═══════════════════════════════════════════════════════
2026-08-23T05:38:11.699Z [INFO] 🎯 WIKI BACKEND - Sistema Dinâmico Alimentado por GitHub
2026-08-23T05:38:11.699Z [INFO] ═══════════════════════════════════════════════════════
2026-08-23T05:38:11.699Z [INFO] 🔐 Validando acesso ao GitHub...
2026-08-23T05:38:12.155Z [INFO] GitHub conectado: panda12332145/cyber-wiki-content@main
2026-08-23T05:38:12.156Z [INFO] 🏗️ Criando aplicação Express...
2026-08-23T05:38:12.164Z [INFO] 📅 Inicializando jobs agendados...
2026-08-23T05:38:12.166Z [INFO] 🔧 Inicializando jobs agendados...
2026-08-23T05:38:12.220Z [INFO] 📅 Job de sincronização agendado: 0 */24 * * *
2026-08-23T05:38:12.233Z [INFO] ✅ 3 jobs agendados com sucesso
2026-08-23T05:38:12.234Z [INFO] 📦 Executando sincronização inicial...
2026-08-23T05:38:12.256Z [INFO] Iniciando sincronizacao completa
2026-08-23T05:38:19.840Z [INFO] Cache limpo completamente
2026-08-23T05:38:19.858Z [INFO] Sincronizacao success: 17 arquivos em 7606ms
{
  "added": 0,
  "modified": 14,
  "deleted": 0,
  "errors": 0
}
2026-08-23T05:38:19.859Z [INFO] ✅ Sincronização inicial concluída
{
  "filesProcessed": 17,
  "status": "success"
}
2026-08-23T05:38:19.860Z [INFO] 🚀 Iniciando servidor HTTP...
2026-08-23T05:38:19.866Z [INFO] 🚀 Servidor iniciado em porta 3001
2026-08-23T05:38:19.867Z [INFO] 🔗 API disponível em http://127.0.0.1:3001/api/wiki
2026-08-23T05:38:19.867Z [INFO] 📊 Health check: http://127.0.0.1:3001/health
2026-08-23T05:38:19.867Z [INFO] ✅ Wiki Backend está pronto e operacional
2026-08-23T05:51:30.923Z [INFO] ⏹️ SIGINT recebido, encerrando...
2026-08-23T16:19:16.099Z [INFO] ═══════════════════════════════════════════════════════
2026-08-23T16:19:16.109Z [INFO] 🎯 WIKI BACKEND - Sistema Dinâmico Alimentado por GitHub
2026-08-23T16:19:16.109Z [INFO] ═══════════════════════════════════════════════════════
2026-08-23T16:19:16.109Z [INFO] 🔐 Validando acesso ao GitHub...
2026-08-23T16:19:16.894Z [INFO] GitHub conectado: panda12332145/cyber-wiki-content@main
2026-08-23T16:19:16.901Z [INFO] 🏗️ Criando aplicação Express...
2026-08-23T16:19:16.934Z [INFO] 📅 Inicializando jobs agendados...
2026-08-23T16:19:17.012Z [INFO] 🔧 Inicializando jobs agendados...
2026-08-23T16:19:17.183Z [INFO] 📅 Job de sincronização agendado: 0 */24 * * *
2026-08-23T16:19:17.238Z [INFO] ✅ 3 jobs agendados com sucesso
2026-08-23T16:19:17.239Z [INFO] 📦 Executando sincronização inicial...
2026-08-23T16:19:17.315Z [INFO] Iniciando sincronizacao completa
2026-08-23T16:19:27.175Z [INFO] Cache limpo completamente
2026-08-23T16:19:27.206Z [INFO] Sincronizacao success: 17 arquivos em 9940ms
{
  "added": 0,
  "modified": 14,
  "deleted": 0,
  "errors": 0
}
2026-08-23T16:19:27.208Z [INFO] ✅ Sincronização inicial concluída
{
  "filesProcessed": 17,
  "status": "success"
}
2026-08-23T16:19:27.208Z [INFO] 🚀 Iniciando servidor HTTP...
2026-08-23T16:19:27.243Z [INFO] 🚀 Servidor iniciado em porta 3001
2026-08-23T16:19:27.243Z [INFO] 🔗 API disponível em http://127.0.0.1:3001/api/wiki
2026-08-23T16:19:27.249Z [INFO] 📊 Health check: http://127.0.0.1:3001/health
2026-08-23T16:19:27.254Z [INFO] ✅ Wiki Backend está pronto e operacional
